160119-3-0479.JPG,soybean
160223-3-0255.JPG,guava
160224-4-0505.JPG,pumpkin
20171010-1-0299.JPG,garlic
20180228-1-0187.JPG,peanut
4-160107-3-0013.JPG,corn
4-160107-3-0029.JPG,pineapple
4-160107-3-0087.JPG,banana
4-160107-3-0207.JPG,bareland
4-160107-3-0208.JPG,bareland
4-160107-3-0343.JPG,corn
4-160107-3-0440.JPG,sugarcane
4-160107-3-0443.JPG,garlic
4-160107-4-0068.JPG,banana
4-160107-4-0074.JPG,corn
4-160107-4-0138.JPG,guava
4-160107-4-0147.JPG,sugarcane
4-160107-4-0153.JPG,corn
4-160107-4-0296.JPG,banana
4-160108-3-0015.JPG,bareland
4-160109-2-0493.JPG,guava
4-160109-2-0653.JPG,guava
4-160111-3-0429.JPG,guava
4-160111-4-0231.JPG,corn
4-160112-2-0175.JPG,dragonfruit
4-160112-2-0208.JPG,dragonfruit
4-160112-3-0120.JPG,bareland
4-160112-4-0067.JPG,peanut
4-160113-2-0188.JPG,guava
4-160113-2-0189.JPG,corn
4-160113-2-0235.JPG,bareland
4-160113-2-0329.JPG,dragonfruit
4-160113-3-0218.JPG,guava
4-160113-4-0034.JPG,guava
4-160114-2-0022.JPG,rice
4-160118-2-0047.JPG,guava
4-160119-3-0479.JPG,guava
4-160119-3-0510.JPG,corn
4-160119-3-0526.JPG,guava
4-160119-3-0576.JPG,corn
4-160120-4-0106.JPG,guava
4-160121-1-0149.JPG,guava
4-160121-1-0150.JPG,banana
4-160121-1-0153.JPG,guava
4-160121-1-0235.JPG,sugarcane
4-160121-1-0372.JPG,corn
4-160122-2-0248.JPG,guava
4-160122-2-0275.JPG,rice
4-160122-2-0319.JPG,pumpkin
4-160123-2-0059.JPG,banana
4-160123-2-0388.JPG,soybean
4-160123-2-0391.JPG,dragonfruit
4-160126-3-0137.JPG,corn
4-160126-3-0383.JPG,pineapple
4-160126-3-0384.JPG,bareland
4-160126-3-0550.JPG,guava
4-160127-4-0437.JPG,guava
4-160130-4-0059.JPG,corn
4-160205-2-0133.JPG,pineapple
4-160205-2-0148.JPG,guava
4-160205-2-0271.JPG,banana
4-160205-2-0359.JPG,guava
4-160205-2-0583.JPG,guava
4-160205-2-0759.JPG,guava
4-160205-2-0914.JPG,rice
4-160206-2-0164.JPG,guava
4-160216-1-0416.JPG,guava
4-160218-4-0655.JPG,banana
4-160222-4-0001.JPG,guava
4-160222-4-0004.JPG,guava
4-160222-4-0007.JPG,corn
4-160222-4-0009.JPG,banana
4-160222-4-0013.JPG,guava
4-160222-4-0014.JPG,pumpkin
4-160222-4-0015.JPG,guava
4-160222-4-0018.JPG,soybean
4-160222-4-0019.JPG,pineapple
4-160222-4-0063.JPG,guava
4-160222-4-0066.JPG,dragonfruit
4-160222-4-0069.JPG,guava
4-160222-4-0240.JPG,corn
4-160222-4-0251.JPG,pumpkin
4-160222-4-0265.JPG,guava
4-160222-4-0272.JPG,soybean
4-160222-4-0287.JPG,bareland
4-160222-4-0288.JPG,guava
4-160222-4-0289.JPG,corn
4-160222-4-0320.JPG,banana
4-160222-4-0329.JPG,corn
4-160222-4-0331.JPG,guava
4-160222-4-0332.JPG,guava
4-160222-4-0335.JPG,guava
4-160222-4-0339.JPG,corn
4-160222-4-0341.JPG,guava
4-160222-4-0342.JPG,corn
4-160222-4-0349.JPG,peanut
4-160222-4-0350.JPG,guava
4-160222-4-0354.JPG,guava
4-160222-4-0359.JPG,guava
4-160222-4-0360.JPG,pumpkin
4-160222-4-0366.JPG,pumpkin
4-160222-4-0370.JPG,corn
4-160222-4-0372.JPG,guava
4-160222-4-0375.JPG,banana
4-160222-4-0377.JPG,banana
4-160222-4-0382.JPG,pumpkin
4-160222-4-0383.JPG,corn
4-160222-4-0389.JPG,peanut
4-160222-4-0394.JPG,pumpkin
4-160222-4-0396.JPG,guava
4-160222-4-0398.JPG,bareland
4-160222-4-0399.JPG,pumpkin
4-160222-4-0401.JPG,guava
4-160222-4-0402.JPG,corn
4-160222-4-0405.JPG,bareland
4-160222-4-0414.JPG,guava
4-160222-4-0416.JPG,pineapple
4-160222-4-0417.JPG,pineapple
4-160222-4-0420.JPG,guava
4-160222-4-0421.JPG,guava
4-160222-4-0423.JPG,peanut
4-160222-4-0424.JPG,peanut
4-160222-4-0425.JPG,soybean
4-160222-4-0426.JPG,guava
4-160222-4-0427.JPG,pumpkin
4-160222-4-0431.JPG,guava
4-160222-4-0434.JPG,dragonfruit
4-160222-4-0435.JPG,pineapple
4-160222-4-0438.JPG,corn
4-160222-4-0439.JPG,guava
4-160222-4-0442.JPG,soybean
4-160222-4-0443.JPG,guava
4-160222-4-0444.JPG,guava
4-160222-4-0447.JPG,peanut
4-160222-4-0450.JPG,pumpkin
4-160222-4-0453.JPG,guava
4-160222-4-0454.JPG,pumpkin
4-160222-4-0457.JPG,soybean
4-160222-4-0458.JPG,bareland
4-160222-4-0466.JPG,pumpkin
4-160222-4-0469.JPG,banana
4-160222-4-0472.JPG,guava
4-160222-4-0473.JPG,bareland
4-160222-4-0474.JPG,guava
4-160222-4-0475.JPG,guava
4-160222-4-0477.JPG,peanut
4-160222-4-0480.JPG,guava
4-160222-4-0481.JPG,pineapple
4-160222-4-0482.JPG,peanut
4-160222-4-0483.JPG,guava
4-160222-4-0484.JPG,guava
4-160222-4-0485.JPG,corn
4-160222-4-0487.JPG,rice
4-160222-4-0489.JPG,pumpkin
4-160222-4-0492.JPG,corn
4-160222-4-0494.JPG,guava
4-160222-4-0496.JPG,pumpkin
4-160222-4-0498.JPG,bareland
4-160222-4-0499.JPG,pumpkin
4-160222-4-0503.JPG,corn
4-160222-4-0505.JPG,guava
4-160222-4-0506.JPG,guava
4-160222-4-0507.JPG,dragonfruit
4-160222-4-0513.JPG,guava
4-160222-4-0516.JPG,guava
4-160222-4-0518.JPG,pumpkin
4-160222-4-0522.JPG,guava
4-160223-3-0005.JPG,corn
4-160223-3-0007.JPG,pineapple
4-160223-3-0008.JPG,peanut
4-160223-3-0009.JPG,guava
4-160223-3-0012.JPG,guava
4-160223-3-0013.JPG,pineapple
4-160223-3-0015.JPG,bareland
4-160223-3-0017.JPG,pumpkin
4-160223-3-0022.JPG,guava
4-160223-3-0023.JPG,guava
4-160223-3-0031.JPG,guava
4-160223-3-0032.JPG,rice
4-160223-3-0040.JPG,bareland
4-160223-3-0044.JPG,pumpkin
4-160223-3-0045.JPG,garlic
4-160223-3-0050.JPG,bareland
4-160223-3-0056.JPG,guava
4-160223-3-0063.JPG,guava
4-160223-3-0064.JPG,guava
4-160223-3-0067.JPG,peanut
4-160223-3-0070.JPG,pumpkin
4-160223-3-0075.JPG,guava
4-160223-3-0080.JPG,peanut
4-160223-3-0082.JPG,pumpkin
4-160223-3-0083.JPG,pineapple
4-160223-3-0084.JPG,guava
4-160223-3-0086.JPG,guava
4-160223-3-0088.JPG,corn
4-160223-3-0091.JPG,guava
4-160223-3-0092.JPG,guava
4-160223-3-0093.JPG,bareland
4-160223-3-0094.JPG,guava
4-160223-3-0095.JPG,bareland
4-160223-3-0098.JPG,guava
4-160223-3-0100.JPG,soybean
4-160223-3-0101.JPG,guava
4-160223-3-0108.JPG,guava
4-160223-3-0113.JPG,guava
4-160223-3-0114.JPG,guava
4-160223-3-0115.JPG,pineapple
4-160223-3-0116.JPG,pumpkin
4-160223-3-0117.JPG,guava
4-160223-3-0118.JPG,corn
4-160223-3-0119.JPG,guava
4-160223-3-0120.JPG,guava
4-160223-3-0121.JPG,guava
4-160223-3-0122.JPG,peanut
4-160223-3-0123.JPG,guava
4-160223-3-0125.JPG,corn
4-160223-3-0128.JPG,corn
4-160223-3-0136.JPG,pumpkin
4-160223-3-0138.JPG,guava
4-160223-3-0139.JPG,corn
4-160223-3-0140.JPG,garlic
4-160223-3-0143.JPG,bareland
4-160223-3-0144.JPG,guava
4-160223-3-0147.JPG,guava
4-160223-3-0148.JPG,pumpkin
4-160223-3-0150.JPG,corn
4-160223-3-0151.JPG,bareland
4-160223-3-0152.JPG,bareland
4-160223-3-0154.JPG,guava
4-160223-3-0155.JPG,banana
4-160223-3-0156.JPG,corn
4-160223-3-0160.JPG,garlic
4-160223-3-0166.JPG,corn
4-160223-3-0169.JPG,corn
4-160223-3-0175.JPG,pumpkin
4-160223-3-0176.JPG,corn
4-160223-3-0181.JPG,pineapple
4-160223-3-0182.JPG,peanut
4-160223-3-0185.JPG,corn
4-160223-3-0186.JPG,peanut
4-160223-3-0189.JPG,pineapple
4-160223-3-0190.JPG,guava
4-160223-3-0193.JPG,bareland
4-160223-3-0194.JPG,corn
4-160223-3-0223.JPG,guava
4-160223-3-0226.JPG,pumpkin
4-160223-3-0236.JPG,guava
4-160223-3-0237.JPG,corn
4-160223-3-0246.JPG,peanut
4-160223-3-0249.JPG,corn
4-160223-3-0255.JPG,dragonfruit
4-160223-3-0258.JPG,guava
4-160223-3-0261.JPG,guava
4-160223-3-0263.JPG,corn
4-160223-3-0264.JPG,pumpkin
4-160223-3-0265.JPG,soybean
4-160223-3-0266.JPG,soybean
4-160223-3-0268.JPG,guava
4-160223-3-0271.JPG,corn
4-160223-3-0277.JPG,bareland
4-160223-3-0278.JPG,pumpkin
4-160223-3-0280.JPG,garlic
4-160223-3-0281.JPG,carrot
4-160223-3-0282.JPG,guava
4-160223-3-0285.JPG,guava
4-160223-3-0286.JPG,corn
4-160223-3-0287.JPG,banana
4-160223-3-0288.JPG,peanut
4-160223-3-0289.JPG,corn
4-160223-3-0290.JPG,bareland
4-160223-3-0291.JPG,guava
4-160223-3-0292.JPG,corn
4-160223-3-0293.JPG,soybean
4-160223-3-0296.JPG,pumpkin
4-160223-3-0298.JPG,soybean
4-160223-3-0299.JPG,guava
4-160223-3-0303.JPG,guava
4-160223-3-0307.JPG,guava
4-160223-3-0315.JPG,guava
4-160223-3-0317.JPG,bareland
4-160223-3-0320.JPG,guava
4-160223-3-0327.JPG,guava
4-160223-3-0332.JPG,bareland
4-160223-3-0336.JPG,garlic
4-160223-3-0338.JPG,corn
4-160223-3-0351.JPG,corn
4-160223-3-0380.JPG,pumpkin
4-160223-3-0383.JPG,guava
4-160223-3-0399.JPG,guava
4-160223-4-0454.JPG,guava
4-160223-4-0576.JPG,guava
4-160224-2-0752.JPG,guava
4-160224-2-0891.JPG,guava
4-160224-4-0505.JPG,sugarcane
4-160224-4-0541.JPG,pineapple
4-160224-4-0556.JPG,banana
4-160224-4-0615.JPG,banana
4-160224-4-0655.JPG,banana
4-160302-3-0719.JPG,guava
4-160302-4-0355.JPG,corn
4-160302-4-0357.JPG,pineapple
4-160302-4-0358.JPG,pineapple
4-160302-4-0359.JPG,dragonfruit
4-160302-4-0360.JPG,pineapple
4-160302-4-0377.JPG,pineapple
4-160303-4-0344.JPG,guava
4-160303-4-0370.JPG,banana
4-160303-4-0371.JPG,soybean
4-160303-4-0372.JPG,bareland
4-160303-4-0537.JPG,banana
4-160316-3-0922.JPG,banana
4-160322-2-0214.JPG,banana
4-160512-2-0127.JPG,bareland
4-160512-2-0172.JPG,dragonfruit
4-160512-2-0810.JPG,banana
4-160512-2-0955.JPG,corn
4-160513-2-0049.JPG,guava
4-160513-2-0391.JPG,dragonfruit
4-160513-2-0434.JPG,corn
4-160513-3-0138.JPG,pineapple
4-160513-4-0516.JPG,sugarcane
4-160517-1-0035.JPG,garlic
4-160521-4-0298.JPG,sugarcane
4-160526-1-0062.JPG,sugarcane
4-160526-1-0069.JPG,banana
4-160526-1-0144.JPG,banana
4-160526-1-0145.JPG,sugarcane
4-160526-1-0151.JPG,guava
4-160526-1-0163.JPG,banana
4-160526-1-0221.JPG,bareland
4-160526-1-0613.JPG,bareland
4-160528-3-0158.JPG,sugarcane
4-160531-2-0068.JPG,guava
4-160531-2-0479.JPG,pineapple
4-160531-2-0490.JPG,rice
4-160604-3-0221.JPG,garlic
4-160604-3-0222.JPG,garlic
4-160605-4-0427.JPG,pumpkin
4-160727-2-0010.JPG,soybean
4-160727-2-0011.JPG,dragonfruit
4-160727-2-0104.JPG,pineapple
4-160728-2-0091.JPG,guava
4-160728-2-0143.JPG,bareland
4-160728-2-0152.JPG,corn
4-160728-2-0153.JPG,corn
4-160729-2-0185.JPG,banana
4-160811-2-0039.JPG,pineapple
4-160922-1-0140.JPG,sugarcane
4-160926-2-0111.JPG,banana
4-160926-2-0332.JPG,pineapple
4-161012-1-0255.JPG,garlic
4-161019-2-0185.JPG,pineapple
4-161020-1-0255.JPG,garlic
4-161020-1-0260.JPG,pineapple
4-161029-3-0139.JPG,banana
4-161029-3-0223.JPG,corn
4-161029-3-0259.JPG,sugarcane
4-161029-3-0272.JPG,guava
4-161029-3-0297.JPG,sugarcane
4-161029-3-0313.JPG,banana
4-161029-3-0353.JPG,pineapple
4-161029-3-0378.JPG,bareland
4-161029-4-0388.JPG,corn
4-161029-4-0506.JPG,corn
4-161029-4-0517.JPG,sugarcane
4-161103-1-0005.JPG,bareland
4-161205-3-0335.JPG,guava
4-161206-2-0038.JPG,corn
4-161206-2-0163.JPG,corn
4-161206-2-0268.JPG,corn
4-161206-2-0713.JPG,guava
4-161206-2-1054.JPG,dragonfruit
4-161207-1-0161.JPG,banana
4-161207-2-0418.JPG,dragonfruit
4-161207-2-0802.JPG,guava
4-161212-1-0285.JPG,guava
4-161212-1-0286.JPG,guava
4-161212-1-0356.JPG,dragonfruit
4-20161207-4-0506.JPG,guava
4-20161207-4-0510.JPG,guava
4-20161208-4-0124.JPG,soybean
4-20161208-4-0243.JPG,banana
4-20161210-3-0213.JPG,pineapple
4-20161212-3-0117.JPG,banana
4-20161212-3-0193.JPG,guava
4-20161212-3-0253.JPG,peanut
4-20161212-3-0359.JPG,dragonfruit
4-20161212-3-0457.JPG,guava
4-20161212-3-0702.JPG,banana
4-20161212-3-0742.JPG,bareland
4-20161212-3-0772.JPG,guava
4-20170120-1-0295.JPG,guava
4-20170120-1-0413.JPG,dragonfruit
4-20170120-1-0541.JPG,corn
4-20170122-1-0071.JPG,pineapple
4-20170122-1-0502.JPG,corn
4-20170122-3-0028.JPG,corn
4-20170122-3-0138.JPG,guava
4-20170122-3-0218.JPG,banana
4-20170122-3-0233.JPG,bareland
4-20170122-3-0291.JPG,sugarcane
4-20170122-3-0292.JPG,corn
4-20170122-3-0310.JPG,corn
4-20170122-3-0334.JPG,guava
4-20170122-3-0361.JPG,banana
4-20170122-3-0363.JPG,pineapple
4-20170122-3-0391.JPG,banana
4-20170122-3-0404.JPG,guava
4-20170122-3-0438.JPG,pineapple
4-20170122-3-0448.JPG,banana
4-20170122-3-0460.JPG,guava
4-20170122-3-0477.JPG,pineapple
4-20170122-3-0480.JPG,guava
4-20170122-3-0527.JPG,banana
4-20170122-3-0532.JPG,pineapple
4-20170122-3-0576.JPG,pineapple
4-20170123-2-0198.JPG,banana
4-20170124-1-0434.JPG,corn
4-20170124-2-0107.JPG,banana
4-20170124-2-0185.JPG,banana
4-20170124-2-0195.JPG,bareland
4-20170124-2-0249.JPG,banana
4-20170124-2-0292.JPG,dragonfruit
4-20170124-2-0309.JPG,guava
4-20170124-2-0315.JPG,corn
4-20170124-2-0317.JPG,banana
4-20170124-2-0318.JPG,rice
4-20170124-2-0330.JPG,bareland
4-20170124-2-0334.JPG,bareland
4-20170124-2-0337.JPG,banana
4-20170124-2-0342.JPG,guava
4-20170124-2-0375.JPG,banana
4-20170124-2-0383.JPG,guava
4-20170124-2-0425.JPG,rice
4-20170124-2-0490.JPG,banana
4-20170124-2-0501.JPG,pineapple
4-20170203-1-0032.JPG,guava
4-20170203-1-0092.JPG,guava
4-20170203-1-0208.JPG,corn
4-20170205-1-0325.JPG,sugarcane
4-20170205-1-0423.JPG,corn
4-20170205-1-0551.JPG,corn
4-20170205-1-0560.JPG,pineapple
4-20170206-3-0031.JPG,banana
4-20170206-3-0039.JPG,peanut
4-20170206-3-0417.JPG,corn
4-20170206-3-0424.JPG,banana
4-20170213-1-0080.JPG,dragonfruit
4-20170214-3-0089.JPG,guava
4-20170214-4-0006.JPG,corn
4-20170214-4-0011.JPG,guava
4-20170214-4-0064.JPG,corn
4-20170214-4-0099.JPG,banana
4-20170214-4-0106.JPG,bareland
4-20170214-4-0181.JPG,bareland
4-20170214-4-0261.JPG,dragonfruit
4-20170214-4-0301.JPG,banana
4-20170214-4-0322.JPG,garlic
4-20170214-4-0346.JPG,corn
4-20170214-4-0377.JPG,guava
4-20170214-4-0388.JPG,soybean
4-20170214-4-0494.JPG,pineapple
4-20170214-4-0517.JPG,corn
4-20170215-2-1138.JPG,dragonfruit
4-20170216-3-0023.JPG,banana
4-20170216-3-0165.JPG,bareland
4-20170217-3-0451.JPG,sugarcane
4-20170220-1-0269.JPG,guava
4-20170220-1-0283.JPG,guava
4-20170220-1-0317.JPG,guava
4-20170220-1-0564.JPG,banana
4-20170220-3-0543.JPG,guava
4-20170220-3-0770.JPG,corn
4-20170220-3-0840.JPG,guava
4-20170221-1-0096.JPG,sugarcane
4-20170221-3-0008.JPG,bareland
4-20170221-3-0405.JPG,pineapple
4-20170221-3-0751.JPG,corn
4-20170222-1-0305.JPG,guava
4-20170224-4-0008.JPG,guava
4-20170224-4-0417.JPG,pineapple
4-20170224-4-0435.JPG,corn
4-20170301-4-0306.JPG,bareland
4-20170309-2-0095.JPG,guava
4-20170309-2-0097.JPG,guava
4-20170309-2-0098.JPG,guava
4-20170309-3-0254.JPG,corn
4-20170309-3-0335.JPG,pineapple
4-20170309-3-0390.JPG,guava
4-20170309-3-0422.JPG,garlic
4-20170309-3-0427.JPG,garlic
4-20170309-3-0479.JPG,guava
4-20170309-3-0490.JPG,pineapple
4-20170309-3-0518.JPG,banana
4-20170309-3-0551.JPG,corn
4-20170310-3-0132.JPG,guava
4-20170314-4-0331.JPG,pineapple
4-20170314-4-0518.JPG,bareland
4-20170316-3-0081.JPG,guava
4-20170316-3-0085.JPG,guava
4-20170316-3-0149.JPG,guava
4-20170316-3-0155.JPG,pumpkin
4-20170319-2-0041.JPG,guava
4-20170319-2-0134.JPG,bareland
4-20170319-2-0200.JPG,bareland
4-20170319-2-0281.JPG,bareland
4-20170319-2-0340.JPG,bareland
4-20170319-2-0374.JPG,bareland
4-20170319-2-0381.JPG,banana
4-20170319-2-0382.JPG,pineapple
4-20170319-2-0383.JPG,bareland
4-20170319-2-0384.JPG,pineapple
4-20170320-2-0107.JPG,pineapple
4-20170320-2-0108.JPG,banana
4-20170320-2-0109.JPG,banana
4-20170320-2-0160.JPG,pineapple
4-20170321-1-0282.JPG,pineapple
4-20170321-1-0283.JPG,pineapple
4-20170324-2-0362.JPG,dragonfruit
4-20170324-2-0536.JPG,banana
4-20170328-2-0525.JPG,bareland
4-20170328-2-0674.JPG,pineapple
4-20170328-2-0710.JPG,bareland
4-20170328-2-0724.JPG,guava
4-20170328-2-0984.JPG,guava
4-20170328-2-1016.JPG,bareland
4-20170328-2-1027.JPG,guava
4-20170328-2-1034.JPG,corn
4-20170328-3-0168.JPG,corn
4-20170328-4-0166.JPG,corn
4-20170328-4-0170.JPG,corn
4-20170328-4-0510.JPG,bareland
4-20170328-4-0608.JPG,guava
4-20170328-4-0874.JPG,guava
4-20170328-4-1076.JPG,corn
4-20170329-2-0072.JPG,banana
4-20170329-2-0076.JPG,banana
4-20170329-2-0078.JPG,banana
4-20170329-2-0099.JPG,dragonfruit
4-20170329-2-0212.JPG,banana
4-20170329-3-0038.JPG,garlic
4-20170329-3-0458.JPG,guava
4-20170329-3-0836.JPG,corn
4-20170329-3-0883.JPG,guava
4-20170329-3-0885.JPG,pumpkin
4-20170329-3-0888.JPG,guava
4-20170329-3-1076.JPG,pineapple
4-20170329-4-0266.JPG,garlic
4-20170331-2-0023.JPG,guava
4-20170331-2-0380.JPG,banana
4-20170331-2-0536.JPG,corn
4-20170404-1-0514.JPG,bareland
4-20170404-1-0570.JPG,banana
4-20170405-3-0202.JPG,soybean
4-20170406-2-0018.JPG,guava
4-20170406-2-0037.JPG,dragonfruit
4-20170406-2-0054.JPG,banana
4-20170406-2-0169.JPG,guava
4-20170406-2-0175.JPG,banana
4-20170406-2-0182.JPG,guava
4-20170406-2-0186.JPG,guava
4-20170406-2-0230.JPG,guava
4-20170406-2-0259.JPG,corn
4-20170406-2-0261.JPG,bareland
4-20170406-2-0296.JPG,pineapple
4-20170406-2-0299.JPG,guava
4-20170406-2-0313.JPG,pineapple
4-20170406-2-0387.JPG,bareland
4-20170406-2-0388.JPG,banana
4-20170406-2-0426.JPG,bareland
4-20170406-2-0872.JPG,corn
4-20170406-2-0902.JPG,banana
4-20170409-1-0481.JPG,garlic
4-20170411-2-0757.JPG,guava
4-20170411-4-0074.JPG,banana
4-20170411-4-0150.JPG,corn
4-20170412-2-0071.JPG,bareland
4-20170412-2-0187.JPG,pineapple
4-20170412-2-0405.JPG,dragonfruit
4-20170412-2-0538.JPG,guava
4-20170412-2-0575.JPG,guava
4-20170412-2-0577.JPG,guava
4-20170412-2-0579.JPG,guava
4-20170412-2-0606.JPG,corn
4-20170413-2-0439.JPG,guava
4-20170413-2-0653.JPG,banana
4-20170413-2-0829.JPG,guava
4-20170413-2-0834.JPG,dragonfruit
4-20170414-2-0008.JPG,dragonfruit
4-20170414-2-0375.JPG,corn
4-20170414-2-0457.JPG,guava
4-20170414-2-0470.JPG,guava
4-20170414-2-0502.JPG,corn
4-20170414-2-0532.JPG,bareland
4-20170414-2-0537.JPG,banana
4-20170414-2-0549.JPG,sugarcane
4-20170417-4-0635.JPG,guava
4-20170417-4-0786.JPG,banana
4-20170421-2-0129.JPG,banana
4-20170425-4-0194.JPG,guava
4-20170430-1-0400.JPG,guava
4-20170502-2-0113.JPG,guava
4-20170503-2-0631.JPG,dragonfruit
4-20170512-2-0348.JPG,bareland
4-20170512-2-0430.JPG,banana
4-20170512-2-0463.JPG,pineapple
4-20170512-2-0467.JPG,banana
4-20170512-2-0509.JPG,banana
4-20170512-2-0541.JPG,banana
4-20170519-4-0360.JPG,banana
4-20170519-4-0494.JPG,pumpkin
4-20170520-4-0043.JPG,bareland
4-20170520-4-0046.JPG,guava
4-20170520-4-0118.JPG,corn
4-20170520-4-0263.JPG,sugarcane
4-20170601-3-0840.JPG,banana
4-20170608-3-0692.JPG,bareland
4-20170611-1-0022.JPG,banana
4-20170628-2-0120.JPG,guava
4-20170628-2-0127.JPG,dragonfruit
4-20170628-2-0159.JPG,corn
4-20170628-2-0185.JPG,banana
4-20170628-2-0186.JPG,dragonfruit
4-20170628-2-0303.JPG,guava
4-20170628-2-0304.JPG,corn
4-20170628-2-0493.JPG,dragonfruit
4-20170628-2-0531.JPG,guava
4-20170628-2-0535.JPG,banana
4-20170628-2-0536.JPG,dragonfruit
4-20170629-2-0602.JPG,pumpkin
4-20170903-1-0327.JPG,bareland
4-20170904-1-0401.JPG,sugarcane
4-20170919-2-0897.JPG,banana
4-20170920-2-0335.JPG,corn
4-20170920-2-0657.JPG,dragonfruit
4-20170920-2-0786.JPG,corn
4-20170920-2-0923.JPG,dragonfruit
4-20170920-2-0927.JPG,dragonfruit
4-20170920-2-0939.JPG,banana
4-20170920-2-1035.JPG,guava
4-20170920-2-1103.JPG,dragonfruit
4-20170920-2-1205.JPG,pineapple
4-20170929-3-0552.JPG,corn
4-20170930-3-0052.JPG,guava
4-20170930-3-0478.JPG,corn
4-20170930-4-0265.JPG,banana
4-20171001-1-0261.JPG,sugarcane
4-20171005-2-0725.JPG,guava
4-20171005-2-0756.JPG,dragonfruit
4-20171006-1-0209.JPG,sugarcane
4-20171008-1-0041.JPG,garlic
4-20171010-1-0007.JPG,sugarcane
4-20171010-1-0009.JPG,sugarcane
4-20171010-1-0299.JPG,sugarcane
4-20171011-1-0463.JPG,guava
4-20171011-4-0322.JPG,soybean
4-20171012-3-0271.JPG,pineapple
4-20171018-3-0002.JPG,sugarcane
4-20171018-3-0005.JPG,pineapple
4-20171018-3-0023.JPG,bareland
4-20171018-3-0036.JPG,bareland
4-20171018-3-0106.JPG,guava
4-20171018-3-0114.JPG,rice
4-20171018-3-0116.JPG,banana
4-20171018-3-0139.JPG,bareland
4-20171018-3-0148.JPG,sugarcane
4-20171018-3-0191.JPG,bareland
4-20171018-3-0280.JPG,rice
4-20171018-3-0288.JPG,rice
4-20171018-3-0339.JPG,garlic
4-20171018-3-0388.JPG,banana
4-20171018-3-0401.JPG,pineapple
4-20171018-3-0406.JPG,dragonfruit
4-20171018-3-0414.JPG,bareland
4-20171018-3-0439.JPG,rice
4-20171018-3-0500.JPG,rice
4-20171018-3-0575.JPG,banana
4-20171024-3-0337.JPG,bareland
4-20171024-4-0472.JPG,garlic
4-20171025-2-0215.JPG,guava
4-20171025-2-0954.JPG,pineapple
4-20171025-3-0341.JPG,corn
4-20171025-3-0405.JPG,banana
4-20171025-3-0692.JPG,pineapple
4-20171025-4-0075.JPG,guava
4-20171025-4-0572.JPG,pineapple
4-20171025-4-0676.JPG,corn
4-20171025-4-0696.JPG,guava
4-20171025-4-0732.JPG,pineapple
4-20171026-2-0758.JPG,dragonfruit
4-20171027-2-0085.JPG,pineapple
4-20171027-2-0197.JPG,corn
4-20171027-2-0231.JPG,dragonfruit
4-20171027-2-0312.JPG,dragonfruit
4-20171027-2-0484.JPG,banana
4-20171027-2-0593.JPG,banana
4-20171027-2-0944.JPG,pineapple
4-20171027-2-0988.JPG,banana
4-20171028-2-0017.JPG,bareland
4-20171028-2-0258.JPG,guava
4-20171028-2-0423.JPG,dragonfruit
4-20171028-2-0437.JPG,guava
4-20171028-2-0530.JPG,corn
4-20171028-2-0536.JPG,guava
4-20171028-3-0637.JPG,banana
4-20171030-2-0159.JPG,guava
4-20171030-2-0167.JPG,guava
4-20171030-2-0419.JPG,dragonfruit
4-20171030-3-0081.JPG,dragonfruit
4-20171030-4-0180.JPG,dragonfruit
4-20171030-4-0541.JPG,pumpkin
4-20171031-2-0874.JPG,bareland
4-20171031-3-0203.JPG,guava
4-20171101-1-0517.JPG,bareland
4-20171101-2-0090.JPG,banana
4-20171101-2-0129.JPG,guava
4-20171101-2-0335.JPG,guava
4-20171101-2-0405.JPG,guava
4-20171101-2-0520.JPG,bareland
4-20171101-2-0527.JPG,dragonfruit
4-20171102-2-0211.JPG,guava
4-20171107-1-0457.JPG,bareland
4-20171107-1-0459.JPG,corn
4-20171107-2-0608.JPG,guava
4-20171107-4-0043.JPG,pineapple
4-20171108-2-0867.JPG,banana
4-20171108-2-0933.JPG,corn
4-20171114-3-0472.JPG,pineapple
4-20171116-4-0678.JPG,guava
4-20171117-2-0317.JPG,dragonfruit
4-20171117-2-0418.JPG,corn
4-20171123-1-0418.JPG,corn
4-20171123-1-0453.JPG,banana
4-20171123-2-0076.JPG,banana
4-20171123-2-0255.JPG,corn
4-20171123-2-0300.JPG,guava
4-20171123-2-0386.JPG,guava
4-20171123-2-0596.JPG,guava
4-20171123-2-0639.JPG,guava
4-20171127-2-0009.JPG,banana
4-20171127-2-0621.JPG,guava
4-20171127-2-0634.JPG,banana
4-20171128-2-0777.JPG,banana
4-20171128-2-0778.JPG,banana
4-20171128-2-1012.JPG,banana
4-20171129-1-0440.JPG,banana
4-20171129-2-0570.JPG,banana
4-20171129-2-0763.JPG,sugarcane
4-20171201-2-0590.JPG,pineapple
4-20171201-2-0603.JPG,guava
4-20171201-2-0604.JPG,guava
4-20171204-4-0157.JPG,pineapple
4-20171205-4-0010.JPG,corn
4-20171206-4-0302.JPG,bareland
4-20171206-4-0309.JPG,corn
4-20171206-4-0322.JPG,corn
4-20171207-2-0023.JPG,corn
4-20171207-2-0081.JPG,guava
4-20171207-2-0082.JPG,guava
4-20171207-2-0096.JPG,guava
4-20171207-2-0139.JPG,guava
4-20171207-2-0167.JPG,pineapple
4-20171207-2-0193.JPG,guava
4-20171207-2-0207.JPG,bareland
4-20171207-2-0230.JPG,guava
4-20171207-2-0254.JPG,guava
4-20171207-2-0260.JPG,dragonfruit
4-20171207-2-0296.JPG,banana
4-20171207-2-0308.JPG,corn
4-20171207-2-0339.JPG,guava
4-20171207-2-0343.JPG,banana
4-20171207-2-0344.JPG,guava
4-20171207-2-0363.JPG,guava
4-20171207-2-0403.JPG,guava
4-20171207-4-0375.JPG,guava
4-20171211-1-0295.JPG,sugarcane
4-20171211-2-0265.JPG,pineapple
4-20171211-2-0478.JPG,garlic
4-20171211-2-0597.JPG,guava
4-20171211-2-0618.JPG,pineapple
4-20171211-2-0656.JPG,banana
4-20171211-3-0244.JPG,pineapple
4-20171211-4-0016.JPG,pineapple
4-20171211-4-0018.JPG,corn
4-20171212-3-0105.JPG,soybean
4-20171213-3-0093.JPG,bareland
4-20171213-3-0113.JPG,sugarcane
4-20171213-3-0262.JPG,bareland
4-20171213-3-0286.JPG,rice
4-20171213-3-0345.JPG,corn
4-20171213-3-0346.JPG,bareland
4-20171213-3-0381.JPG,bareland
4-20171213-3-0385.JPG,bareland
4-20171213-3-0449.JPG,carrot
4-20171213-4-0206.JPG,sugarcane
4-20171213-4-0231.JPG,garlic
4-20171213-4-0238.JPG,rice
4-20171213-4-0349.JPG,garlic
4-20171213-4-0429.JPG,guava
4-20171213-4-0435.JPG,guava
4-20171213-4-0634.JPG,garlic
4-20171215-1-0301.JPG,banana
4-20171217-1-0106.JPG,pineapple
4-20171217-1-0191.JPG,corn
4-20180116-1-0033.JPG,banana
4-20180117-1-0147.JPG,corn
4-20180117-1-0558.JPG,guava
4-20180117-2-0157.JPG,banana
4-20180118-2-0116.JPG,guava
4-20180118-2-0202.JPG,banana
4-20180118-2-0281.JPG,banana
4-20180119-1-0024.JPG,sugarcane
4-20180119-1-0133.JPG,corn
4-20180119-1-0240.JPG,sugarcane
4-20180119-1-0245.JPG,guava
4-20180119-1-0259.JPG,guava
4-20180119-1-0341.JPG,guava
4-20180119-1-0414.JPG,pineapple
4-20180119-2-0004.JPG,corn
4-20180119-2-0019.JPG,guava
4-20180119-2-0021.JPG,pineapple
4-20180119-2-0052.JPG,sugarcane
4-20180119-2-0054.JPG,pineapple
4-20180119-2-0106.JPG,pineapple
4-20180119-2-0138.JPG,guava
4-20180119-2-0213.JPG,bareland
4-20180119-2-0318.JPG,banana
4-20180119-2-0325.JPG,banana
4-20180119-2-0377.JPG,pumpkin
4-20180120-1-0149.JPG,banana
4-20180120-1-0268.JPG,banana
4-20180120-1-0355.JPG,guava
4-20180120-1-0381.JPG,sugarcane
4-20180120-1-0440.JPG,guava
4-20180125-2-0056.JPG,pumpkin
4-20180125-4-0670.JPG,guava
4-20180126-4-0088.JPG,corn
4-20180126-4-0160.JPG,guava
4-20180126-4-0164.JPG,sugarcane
4-20180126-4-0176.JPG,banana
4-20180126-4-0200.JPG,pineapple
4-20180126-4-0221.JPG,pineapple
4-20180126-4-0501.JPG,dragonfruit
4-20180126-4-0656.JPG,guava
4-20180127-1-0110.JPG,bareland
4-20180127-1-0158.JPG,bareland
4-20180127-1-0230.JPG,bareland
4-20180127-1-0240.JPG,bareland
4-20180127-1-0317.JPG,guava
4-20180127-1-0319.JPG,guava
4-20180127-1-0356.JPG,guava
4-20180130-4-0122.JPG,banana
4-20180130-4-0833.JPG,banana
4-20180130-4-0863.JPG,dragonfruit
4-20180130-4-0864.JPG,corn
4-20180202-2-0223.JPG,banana
4-20180202-3-0083.JPG,sugarcane
4-20180203-2-0017.JPG,banana
4-20180203-2-0303.JPG,bareland
4-20180203-2-0471.JPG,guava
4-20180204-1-0319.JPG,guava
4-20180204-2-0293.JPG,dragonfruit
4-20180206-2-0049.JPG,banana
4-20180206-2-0203.JPG,guava
4-20180206-2-0220.JPG,guava
4-20180206-2-0221.JPG,pineapple
4-20180206-2-0234.JPG,guava
4-20180206-2-0401.JPG,pineapple
4-20180206-2-0513.JPG,soybean
4-20180206-2-0514.JPG,guava
4-20180206-2-0517.JPG,guava
4-20180206-2-0563.JPG,corn
4-20180206-2-0564.JPG,dragonfruit
4-20180206-2-0578.JPG,guava
4-20180222-1-0312.JPG,pineapple
4-20180222-2-0210.JPG,guava
4-20180224-1-0104.JPG,garlic
4-20180224-1-0408.JPG,pumpkin
4-20180225-1-0187.JPG,corn
4-20180225-3-0113.JPG,banana
4-20180225-3-0292.JPG,guava
4-20180225-3-0403.JPG,sugarcane
4-20180227-1-0080.JPG,corn
4-20180228-1-0063.JPG,bareland
4-20180228-1-0079.JPG,guava
4-20180228-1-0180.JPG,corn
4-20180228-1-0187.JPG,guava
4-20180228-4-0762.JPG,banana
4-20180301-2-0152.JPG,corn
4-20180301-2-0274.JPG,soybean
4-20180301-2-0283.JPG,soybean
4-20180308-4-0534.JPG,pineapple
4-20180309-1-0047.JPG,corn
4-20180309-1-0048.JPG,corn
4-20180309-1-0314.JPG,garlic
4-20180309-1-0336.JPG,guava
4-20180309-1-0483.JPG,corn
4-20180314-1-0563.JPG,banana
4-20180314-1-0842.JPG,garlic
4-20180319-3-0380.JPG,banana
4-20180321-4-0077.JPG,pineapple
4-20180321-4-0084.JPG,banana
4-20180321-4-0258.JPG,banana
4-20180321-4-0263.JPG,dragonfruit
4-20180321-4-0265.JPG,dragonfruit
4-20180323-2-0115.JPG,guava
4-20180323-2-0168.JPG,banana
4-20180323-4-0179.JPG,pineapple
4-20180323-4-0180.JPG,dragonfruit
4-20180323-4-0182.JPG,guava
4-20180324-1-0363.JPG,guava
4-20180327-1-0017.JPG,bareland
4-20180327-1-0098.JPG,guava
4-20180327-1-0124.JPG,guava
4-20180327-1-0292.JPG,corn
4-20180327-2-0217.JPG,bareland
4-20180327-2-0285.JPG,garlic
4-20180327-2-0402.JPG,dragonfruit
4-20180329-2-0198.JPG,corn
4-20180329-2-0256.JPG,pineapple
4-20180329-2-0257.JPG,banana
4-20180329-2-0570.JPG,corn
4-20180330-2-0437.JPG,corn
4-20180413-1-0071.JPG,pineapple
4-20180416-3-0427.JPG,dragonfruit
4-20180417-2-0078.JPG,bareland
4-20180417-2-0138.JPG,guava
4-20180419-4-0178.JPG,dragonfruit
4-20180419-4-0179.JPG,dragonfruit
4-20180419-4-0180.JPG,pineapple
4-20180420-4-0010.JPG,dragonfruit
4-20180420-4-0012.JPG,guava
4-20180420-4-0091.JPG,banana
4-20180420-4-0092.JPG,dragonfruit
4-20180515-2-0275.JPG,banana
4-20180515-2-0276.JPG,banana
4-20180516-4-1140.JPG,guava
4-20180516-4-1222.JPG,corn
4-20180530-2-0048.JPG,pineapple
4-20180531-2-0149.JPG,corn
4-20180531-2-0508.JPG,garlic
4-20180607-1-0041.JPG,sugarcane
4-20180626-3-0639.JPG,guava
4-20180709-3-0072.JPG,sugarcane
4-20181001-4-0132.JPG,dragonfruit
4-20181005-4-0610.JPG,banana
4-20181005-4-1046.JPG,guava
4-20181009-2-0164.JPG,sugarcane
4-20181010-2-0194.JPG,pineapple
4-20181010-2-0229.JPG,corn
4-20181010-2-0398.JPG,pineapple
4-20181011-1-0070.JPG,banana
4-20181101-4-0410.JPG,bareland
4-20181103-4-0265.JPG,guava
4-20181103-4-0329.JPG,guava
4-20181103-4-0564.JPG,corn
4-20181103-4-0578.JPG,guava
4-20181103-4-0649.JPG,guava
4-20181103-4-0805.JPG,banana
4-20181103-4-0814.JPG,dragonfruit
4-20181103-4-0822.JPG,dragonfruit
4-20181103-4-1092.JPG,dragonfruit
4-20181103-4-1093.JPG,dragonfruit
4-20181104-4-0819.JPG,guava
5-160107-1-0216.JPG,banana
5-160107-3-0013.JPG,corn
5-160107-3-0029.JPG,corn
5-160107-3-0087.JPG,banana
5-160107-3-0089.JPG,corn
5-160107-3-0343.JPG,sugarcane
5-160107-3-0443.JPG,corn
5-160107-4-0068.JPG,corn
5-160107-4-0074.JPG,corn
5-160107-4-0138.JPG,guava
5-160107-4-0147.JPG,sugarcane
5-160107-4-0153.JPG,dragonfruit
5-160107-4-0296.JPG,banana
5-160107-4-0428.JPG,banana
5-160108-3-0015.JPG,banana
5-160108-3-0189.JPG,guava
5-160108-3-0326.JPG,guava
5-160109-2-0653.JPG,guava
5-160111-4-0231.JPG,guava
5-160112-2-0175.JPG,dragonfruit
5-160112-2-0208.JPG,dragonfruit
5-160112-4-0067.JPG,pineapple
5-160113-2-0188.JPG,corn
5-160113-2-0189.JPG,corn
5-160113-2-0235.JPG,corn
5-160113-2-0329.JPG,banana
5-160113-3-0218.JPG,corn
5-160114-2-0022.JPG,rice
5-160118-2-0047.JPG,guava
5-160119-3-0479.JPG,guava
5-160119-3-0510.JPG,pumpkin
5-160119-3-0576.JPG,guava
5-160120-4-0106.JPG,guava
5-160121-1-0149.JPG,pumpkin
5-160121-1-0153.JPG,corn
5-160121-1-0235.JPG,sugarcane
5-160121-1-0372.JPG,banana
5-160122-2-0248.JPG,guava
5-160122-2-0275.JPG,bareland
5-160122-2-0319.JPG,guava
5-160123-2-0059.JPG,banana
5-160123-2-0355.JPG,guava
5-160123-2-0388.JPG,bareland
5-160123-2-0391.JPG,dragonfruit
5-160126-3-0137.JPG,corn
5-160126-3-0383.JPG,guava
5-160126-3-0550.JPG,banana
5-160127-4-0437.JPG,guava
5-160130-4-0059.JPG,garlic
5-160205-2-0133.JPG,guava
5-160205-2-0148.JPG,dragonfruit
5-160205-2-0271.JPG,dragonfruit
5-160205-2-0359.JPG,guava
5-160205-2-0379.JPG,pineapple
5-160205-2-0583.JPG,dragonfruit
5-160205-2-0759.JPG,corn
5-160205-2-0908.JPG,guava
5-160206-2-0164.JPG,bareland
5-160215-3-0545.JPG,pineapple
5-160216-1-0039.JPG,corn
5-160216-1-0416.JPG,guava
5-160222-4-0001.JPG,guava
5-160222-4-0004.JPG,guava
5-160222-4-0007.JPG,guava
5-160222-4-0009.JPG,corn
5-160222-4-0013.JPG,guava
5-160222-4-0014.JPG,pumpkin
5-160222-4-0018.JPG,soybean
5-160222-4-0019.JPG,banana
5-160222-4-0063.JPG,guava
5-160222-4-0066.JPG,guava
5-160222-4-0069.JPG,guava
5-160222-4-0198.JPG,pineapple
5-160222-4-0251.JPG,guava
5-160222-4-0265.JPG,guava
5-160222-4-0272.JPG,soybean
5-160222-4-0287.JPG,guava
5-160222-4-0288.JPG,soybean
5-160222-4-0289.JPG,banana
5-160222-4-0290.JPG,pineapple
5-160222-4-0303.JPG,garlic
5-160222-4-0319.JPG,banana
5-160222-4-0320.JPG,bareland
5-160222-4-0326.JPG,rice
5-160222-4-0329.JPG,pineapple
5-160222-4-0331.JPG,guava
5-160222-4-0332.JPG,banana
5-160222-4-0335.JPG,guava
5-160222-4-0339.JPG,soybean
5-160222-4-0341.JPG,corn
5-160222-4-0342.JPG,guava
5-160222-4-0349.JPG,peanut
5-160222-4-0350.JPG,soybean
5-160222-4-0354.JPG,guava
5-160222-4-0355.JPG,guava
5-160222-4-0359.JPG,guava
5-160222-4-0360.JPG,guava
5-160222-4-0366.JPG,peanut
5-160222-4-0367.JPG,banana
5-160222-4-0370.JPG,pineapple
5-160222-4-0372.JPG,corn
5-160222-4-0375.JPG,pumpkin
5-160222-4-0377.JPG,pumpkin
5-160222-4-0382.JPG,pineapple
5-160222-4-0383.JPG,bareland
5-160222-4-0385.JPG,corn
5-160222-4-0389.JPG,soybean
5-160222-4-0394.JPG,bareland
5-160222-4-0396.JPG,bareland
5-160222-4-0399.JPG,bareland
5-160222-4-0401.JPG,guava
5-160222-4-0402.JPG,corn
5-160222-4-0403.JPG,guava
5-160222-4-0405.JPG,bareland
5-160222-4-0414.JPG,guava
5-160222-4-0419.JPG,guava
5-160222-4-0421.JPG,guava
5-160222-4-0423.JPG,corn
5-160222-4-0424.JPG,bareland
5-160222-4-0425.JPG,guava
5-160222-4-0426.JPG,guava
5-160222-4-0431.JPG,guava
5-160222-4-0434.JPG,pineapple
5-160222-4-0435.JPG,corn
5-160222-4-0438.JPG,corn
5-160222-4-0442.JPG,peanut
5-160222-4-0443.JPG,guava
5-160222-4-0444.JPG,bareland
5-160222-4-0447.JPG,guava
5-160222-4-0451.JPG,corn
5-160222-4-0453.JPG,guava
5-160222-4-0454.JPG,corn
5-160222-4-0457.JPG,guava
5-160222-4-0460.JPG,guava
5-160222-4-0464.JPG,soybean
5-160222-4-0466.JPG,pumpkin
5-160222-4-0469.JPG,guava
5-160222-4-0472.JPG,guava
5-160222-4-0473.JPG,pumpkin
5-160222-4-0474.JPG,bareland
5-160222-4-0475.JPG,guava
5-160222-4-0477.JPG,guava
5-160222-4-0480.JPG,pumpkin
5-160222-4-0481.JPG,guava
5-160222-4-0482.JPG,peanut
5-160222-4-0483.JPG,guava
5-160222-4-0484.JPG,bareland
5-160222-4-0485.JPG,corn
5-160222-4-0486.JPG,guava
5-160222-4-0487.JPG,corn
5-160222-4-0492.JPG,guava
5-160222-4-0494.JPG,guava
5-160222-4-0496.JPG,guava
5-160222-4-0498.JPG,guava
5-160222-4-0499.JPG,guava
5-160222-4-0503.JPG,corn
5-160222-4-0505.JPG,pumpkin
5-160222-4-0513.JPG,guava
5-160222-4-0516.JPG,guava
5-160222-4-0517.JPG,pineapple
5-160222-4-0518.JPG,sugarcane
5-160222-4-0522.JPG,bareland
5-160223-3-0005.JPG,peanut
5-160223-3-0007.JPG,corn
5-160223-3-0009.JPG,guava
5-160223-3-0012.JPG,guava
5-160223-3-0013.JPG,corn
5-160223-3-0015.JPG,corn
5-160223-3-0016.JPG,corn
5-160223-3-0017.JPG,pumpkin
5-160223-3-0022.JPG,guava
5-160223-3-0028.JPG,guava
5-160223-3-0031.JPG,guava
5-160223-3-0032.JPG,guava
5-160223-3-0045.JPG,bareland
5-160223-3-0050.JPG,pineapple
5-160223-3-0056.JPG,soybean
5-160223-3-0063.JPG,guava
5-160223-3-0064.JPG,peanut
5-160223-3-0067.JPG,guava
5-160223-3-0070.JPG,pumpkin
5-160223-3-0075.JPG,corn
5-160223-3-0080.JPG,guava
5-160223-3-0082.JPG,guava
5-160223-3-0083.JPG,banana
5-160223-3-0084.JPG,bareland
5-160223-3-0086.JPG,pumpkin
5-160223-3-0088.JPG,corn
5-160223-3-0091.JPG,bareland
5-160223-3-0092.JPG,peanut
5-160223-3-0093.JPG,guava
5-160223-3-0094.JPG,guava
5-160223-3-0095.JPG,bareland
5-160223-3-0100.JPG,corn
5-160223-3-0108.JPG,guava
5-160223-3-0113.JPG,corn
5-160223-3-0115.JPG,pumpkin
5-160223-3-0117.JPG,guava
5-160223-3-0120.JPG,corn
5-160223-3-0121.JPG,soybean
5-160223-3-0122.JPG,corn
5-160223-3-0125.JPG,soybean
5-160223-3-0128.JPG,corn
5-160223-3-0131.JPG,garlic
5-160223-3-0136.JPG,pumpkin
5-160223-3-0139.JPG,corn
5-160223-3-0140.JPG,garlic
5-160223-3-0143.JPG,bareland
5-160223-3-0144.JPG,guava
5-160223-3-0148.JPG,pumpkin
5-160223-3-0150.JPG,pineapple
5-160223-3-0151.JPG,guava
5-160223-3-0154.JPG,pumpkin
5-160223-3-0155.JPG,guava
5-160223-3-0156.JPG,garlic
5-160223-3-0166.JPG,bareland
5-160223-3-0168.JPG,pumpkin
5-160223-3-0169.JPG,guava
5-160223-3-0175.JPG,guava
5-160223-3-0176.JPG,banana
5-160223-3-0181.JPG,soybean
5-160223-3-0182.JPG,bareland
5-160223-3-0185.JPG,guava
5-160223-3-0186.JPG,guava
5-160223-3-0187.JPG,guava
5-160223-3-0189.JPG,corn
5-160223-3-0190.JPG,soybean
5-160223-3-0194.JPG,guava
5-160223-3-0223.JPG,pumpkin
5-160223-3-0226.JPG,guava
5-160223-3-0235.JPG,corn
5-160223-3-0236.JPG,bareland
5-160223-3-0237.JPG,corn
5-160223-3-0246.JPG,guava
5-160223-3-0254.JPG,corn
5-160223-3-0255.JPG,guava
5-160223-3-0258.JPG,guava
5-160223-3-0260.JPG,peanut
5-160223-3-0261.JPG,banana
5-160223-3-0264.JPG,corn
5-160223-3-0265.JPG,corn
5-160223-3-0266.JPG,peanut
5-160223-3-0268.JPG,corn
5-160223-3-0271.JPG,guava
5-160223-3-0277.JPG,corn
5-160223-3-0281.JPG,pumpkin
5-160223-3-0282.JPG,guava
5-160223-3-0285.JPG,guava
5-160223-3-0286.JPG,pumpkin
5-160223-3-0287.JPG,pumpkin
5-160223-3-0288.JPG,corn
5-160223-3-0289.JPG,corn
5-160223-3-0290.JPG,pineapple
5-160223-3-0291.JPG,corn
5-160223-3-0292.JPG,pineapple
5-160223-3-0293.JPG,corn
5-160223-3-0296.JPG,guava
5-160223-3-0307.JPG,pumpkin
5-160223-3-0315.JPG,pumpkin
5-160223-3-0316.JPG,corn
5-160223-3-0317.JPG,peanut
5-160223-3-0320.JPG,pumpkin
5-160223-3-0327.JPG,peanut
5-160223-3-0332.JPG,guava
5-160223-3-0336.JPG,guava
5-160223-3-0338.JPG,pineapple
5-160223-3-0351.JPG,banana
5-160223-3-0380.JPG,bareland
5-160223-3-0399.JPG,guava
5-160223-3-0427.JPG,pumpkin
5-160223-4-0576.JPG,guava
5-160224-2-0752.JPG,guava
5-160224-2-0891.JPG,guava
5-160224-4-0505.JPG,banana
5-160224-4-0541.JPG,sugarcane
5-160224-4-0556.JPG,corn
5-160224-4-0615.JPG,banana
5-160224-4-0655.JPG,corn
5-160302-3-0719.JPG,guava
5-160302-4-0355.JPG,pineapple
5-160302-4-0357.JPG,pumpkin
5-160302-4-0358.JPG,pineapple
5-160302-4-0359.JPG,guava
5-160302-4-0360.JPG,pineapple
5-160303-3-0290.JPG,bareland
5-160303-4-0177.JPG,guava
5-160303-4-0344.JPG,banana
5-160303-4-0370.JPG,banana
5-160303-4-0371.JPG,soybean
5-160303-4-0372.JPG,banana
5-160303-4-0537.JPG,banana
5-160316-3-0922.JPG,banana
5-160322-2-0214.JPG,banana
5-160402-1-0652.JPG,garlic
5-160512-2-0127.JPG,rice
5-160512-2-0172.JPG,corn
5-160512-2-0810.JPG,corn
5-160512-2-0955.JPG,guava
5-160513-2-0049.JPG,corn
5-160513-2-0391.JPG,rice
5-160513-2-0434.JPG,dragonfruit
5-160513-3-0025.JPG,sugarcane
5-160513-3-0070.JPG,banana
5-160513-3-0138.JPG,sugarcane
5-160513-3-0489.JPG,pineapple
5-160513-4-0516.JPG,corn
5-160517-1-0035.JPG,guava
5-160521-4-0298.JPG,sugarcane
5-160526-1-0052.JPG,bareland
5-160526-1-0062.JPG,corn
5-160526-1-0151.JPG,guava
5-160526-1-0163.JPG,banana
5-160526-1-0194.JPG,sugarcane
5-160526-1-0221.JPG,banana
5-160526-1-0613.JPG,bareland
5-160528-3-0158.JPG,sugarcane
5-160531-2-0068.JPG,guava
5-160531-2-0137.JPG,guava
5-160531-2-0490.JPG,rice
5-160604-3-0221.JPG,corn
5-160604-3-0222.JPG,garlic
5-160727-2-0010.JPG,dragonfruit
5-160727-2-0011.JPG,corn
5-160727-2-0104.JPG,pumpkin
5-160728-2-0091.JPG,pumpkin
5-160728-2-0143.JPG,bareland
5-160728-2-0152.JPG,corn
5-160728-2-0312.JPG,rice
5-160729-2-0185.JPG,dragonfruit
5-160811-2-0039.JPG,dragonfruit
5-160922-4-0003.JPG,pineapple
5-160924-3-0410.JPG,guava
5-160926-2-0332.JPG,banana
5-161024-1-0702.JPG,sugarcane
5-161029-3-0011.JPG,corn
5-161029-3-0223.JPG,corn
5-161029-3-0271.JPG,corn
5-161029-3-0272.JPG,corn
5-161029-3-0297.JPG,banana
5-161029-3-0313.JPG,banana
5-161029-3-0353.JPG,guava
5-161029-3-0378.JPG,sugarcane
5-161103-1-0005.JPG,sugarcane
5-161103-1-0012.JPG,sugarcane
5-161103-1-0085.JPG,guava
5-161205-3-0335.JPG,guava
5-161205-3-0855.JPG,banana
5-161205-3-0867.JPG,guava
5-161206-2-0038.JPG,dragonfruit
5-161206-2-0163.JPG,pumpkin
5-161206-2-0268.JPG,guava
5-161206-2-0713.JPG,pineapple
5-161206-2-1054.JPG,dragonfruit
5-161207-1-0161.JPG,banana
5-161207-2-0418.JPG,dragonfruit
5-161207-2-0802.JPG,guava
5-161211-1-0155.JPG,corn
5-161212-1-0285.JPG,corn
5-161212-1-0286.JPG,guava
5-20161207-4-0506.JPG,guava
5-20161208-4-0124.JPG,guava
5-20161208-4-0243.JPG,banana
5-20161209-4-0134.JPG,dragonfruit
5-20161210-3-0213.JPG,peanut
5-20161212-3-0117.JPG,sugarcane
5-20161212-3-0158.JPG,guava
5-20161212-3-0193.JPG,guava
5-20161212-3-0457.JPG,guava
5-20161212-3-0702.JPG,bareland
5-20161212-3-0742.JPG,bareland
5-20161212-3-0772.JPG,banana
5-20170120-1-0541.JPG,corn
5-20170122-1-0071.JPG,pineapple
5-20170122-1-0502.JPG,corn
5-20170122-3-0028.JPG,banana
5-20170122-3-0138.JPG,corn
5-20170122-3-0184.JPG,corn
5-20170122-3-0218.JPG,sugarcane
5-20170122-3-0233.JPG,banana
5-20170122-3-0291.JPG,corn
5-20170122-3-0310.JPG,pineapple
5-20170122-3-0316.JPG,corn
5-20170122-3-0334.JPG,guava
5-20170122-3-0337.JPG,guava
5-20170122-3-0379.JPG,pineapple
5-20170122-3-0391.JPG,banana
5-20170122-3-0401.JPG,banana
5-20170122-3-0404.JPG,pineapple
5-20170122-3-0448.JPG,guava
5-20170122-3-0460.JPG,guava
5-20170122-3-0477.JPG,pineapple
5-20170122-3-0480.JPG,banana
5-20170122-3-0501.JPG,corn
5-20170122-3-0527.JPG,banana
5-20170122-3-0532.JPG,pineapple
5-20170122-3-0576.JPG,banana
5-20170124-1-0434.JPG,corn
5-20170124-2-0107.JPG,banana
5-20170124-2-0185.JPG,sugarcane
5-20170124-2-0195.JPG,bareland
5-20170124-2-0249.JPG,bareland
5-20170124-2-0292.JPG,guava
5-20170124-2-0309.JPG,guava
5-20170124-2-0315.JPG,guava
5-20170124-2-0317.JPG,banana
5-20170124-2-0330.JPG,pumpkin
5-20170124-2-0334.JPG,bareland
5-20170124-2-0337.JPG,dragonfruit
5-20170124-2-0342.JPG,guava
5-20170124-2-0375.JPG,banana
5-20170124-2-0383.JPG,corn
5-20170124-2-0425.JPG,guava
5-20170124-2-0490.JPG,banana
5-20170124-2-0501.JPG,banana
5-20170203-1-0032.JPG,banana
5-20170203-1-0092.JPG,guava
5-20170205-1-0325.JPG,pineapple
5-20170205-1-0423.JPG,corn
5-20170205-1-0551.JPG,guava
5-20170205-1-0560.JPG,pineapple
5-20170206-1-0038.JPG,garlic
5-20170206-3-0031.JPG,banana
5-20170206-3-0039.JPG,bareland
5-20170206-3-0417.JPG,corn
5-20170206-3-0424.JPG,guava
5-20170213-1-0080.JPG,corn
5-20170214-3-0089.JPG,guava
5-20170214-4-0006.JPG,corn
5-20170214-4-0011.JPG,pineapple
5-20170214-4-0064.JPG,corn
5-20170214-4-0099.JPG,guava
5-20170214-4-0160.JPG,bareland
5-20170214-4-0181.JPG,corn
5-20170214-4-0301.JPG,dragonfruit
5-20170214-4-0320.JPG,bareland
5-20170214-4-0322.JPG,sugarcane
5-20170214-4-0346.JPG,guava
5-20170214-4-0377.JPG,guava
5-20170214-4-0388.JPG,bareland
5-20170214-4-0494.JPG,garlic
5-20170214-4-0517.JPG,garlic
5-20170215-2-1138.JPG,guava
5-20170216-3-0165.JPG,guava
5-20170217-3-0451.JPG,sugarcane
5-20170220-1-0102.JPG,pineapple
5-20170220-1-0269.JPG,dragonfruit
5-20170220-1-0283.JPG,guava
5-20170220-1-0564.JPG,banana
5-20170220-3-0425.JPG,bareland
5-20170220-3-0543.JPG,guava
5-20170220-3-0840.JPG,guava
5-20170221-1-0096.JPG,banana
5-20170221-1-0385.JPG,banana
5-20170221-3-0008.JPG,bareland
5-20170221-3-0297.JPG,guava
5-20170221-3-0751.JPG,guava
5-20170222-1-0305.JPG,guava
5-20170224-4-0008.JPG,bareland
5-20170224-4-0257.JPG,corn
5-20170301-4-0306.JPG,bareland
5-20170301-4-0454.JPG,garlic
5-20170305-1-0061.JPG,dragonfruit
5-20170309-2-0095.JPG,guava
5-20170309-2-0098.JPG,guava
5-20170309-3-0044.JPG,bareland
5-20170309-3-0254.JPG,pineapple
5-20170309-3-0335.JPG,pineapple
5-20170309-3-0390.JPG,corn
5-20170309-3-0422.JPG,sugarcane
5-20170309-3-0427.JPG,banana
5-20170309-3-0472.JPG,sugarcane
5-20170309-3-0490.JPG,pineapple
5-20170309-3-0518.JPG,pineapple
5-20170310-3-0132.JPG,guava
5-20170314-4-0331.JPG,sugarcane
5-20170314-4-0468.JPG,peanut
5-20170314-4-0518.JPG,bareland
5-20170316-3-0081.JPG,corn
5-20170316-3-0149.JPG,guava
5-20170316-3-0155.JPG,guava
5-20170319-2-0041.JPG,guava
5-20170319-2-0200.JPG,banana
5-20170319-2-0204.JPG,banana
5-20170319-2-0266.JPG,bareland
5-20170319-2-0281.JPG,bareland
5-20170319-2-0308.JPG,guava
5-20170319-2-0340.JPG,bareland
5-20170319-2-0382.JPG,bareland
5-20170319-2-0383.JPG,bareland
5-20170319-2-0384.JPG,dragonfruit
5-20170320-2-0107.JPG,bareland
5-20170320-2-0108.JPG,banana
5-20170320-2-0109.JPG,bareland
5-20170320-2-0160.JPG,banana
5-20170321-1-0282.JPG,bareland
5-20170321-1-0283.JPG,pineapple
5-20170321-1-0310.JPG,banana
5-20170322-1-0081.JPG,bareland
5-20170324-2-0362.JPG,pineapple
5-20170324-2-0536.JPG,banana
5-20170328-2-0525.JPG,dragonfruit
5-20170328-2-0674.JPG,pineapple
5-20170328-2-0710.JPG,guava
5-20170328-2-0724.JPG,guava
5-20170328-2-0984.JPG,banana
5-20170328-2-1016.JPG,bareland
5-20170328-2-1027.JPG,guava
5-20170328-2-1034.JPG,corn
5-20170328-4-0166.JPG,soybean
5-20170328-4-0170.JPG,bareland
5-20170328-4-0510.JPG,banana
5-20170328-4-0608.JPG,guava
5-20170328-4-0874.JPG,pineapple
5-20170328-4-1076.JPG,corn
5-20170329-2-0072.JPG,pumpkin
5-20170329-2-0076.JPG,dragonfruit
5-20170329-2-0078.JPG,corn
5-20170329-2-0099.JPG,guava
5-20170329-2-0212.JPG,dragonfruit
5-20170329-3-0452.JPG,pineapple
5-20170329-3-0458.JPG,bareland
5-20170329-3-0836.JPG,pumpkin
5-20170329-3-0883.JPG,bareland
5-20170329-3-0885.JPG,guava
5-20170329-3-0888.JPG,pineapple
5-20170329-3-0930.JPG,guava
5-20170329-4-0206.JPG,corn
5-20170329-4-0266.JPG,pineapple
5-20170330-4-0747.JPG,corn
5-20170330-4-0748.JPG,peanut
5-20170331-2-0023.JPG,guava
5-20170331-2-0380.JPG,guava
5-20170331-2-0536.JPG,dragonfruit
5-20170331-2-0564.JPG,bareland
5-20170404-1-0514.JPG,garlic
5-20170404-1-0570.JPG,banana
5-20170405-3-0202.JPG,garlic
5-20170406-2-0018.JPG,dragonfruit
5-20170406-2-0037.JPG,banana
5-20170406-2-0054.JPG,guava
5-20170406-2-0150.JPG,pineapple
5-20170406-2-0169.JPG,pineapple
5-20170406-2-0175.JPG,banana
5-20170406-2-0182.JPG,bareland
5-20170406-2-0186.JPG,guava
5-20170406-2-0230.JPG,pineapple
5-20170406-2-0259.JPG,guava
5-20170406-2-0261.JPG,soybean
5-20170406-2-0296.JPG,pineapple
5-20170406-2-0299.JPG,pineapple
5-20170406-2-0387.JPG,guava
5-20170406-2-0388.JPG,banana
5-20170406-2-0426.JPG,guava
5-20170406-2-0642.JPG,corn
5-20170406-2-0872.JPG,pineapple
5-20170406-2-0902.JPG,dragonfruit
5-20170409-1-0455.JPG,banana
5-20170411-2-0757.JPG,guava
5-20170411-4-0074.JPG,banana
5-20170411-4-0150.JPG,bareland
5-20170412-2-0071.JPG,bareland
5-20170412-2-0187.JPG,pineapple
5-20170412-2-0405.JPG,dragonfruit
5-20170412-2-0538.JPG,guava
5-20170412-2-0575.JPG,guava
5-20170412-2-0577.JPG,guava
5-20170412-2-0579.JPG,dragonfruit
5-20170412-2-0606.JPG,guava
5-20170412-3-0421.JPG,corn
5-20170413-2-0439.JPG,banana
5-20170413-2-0653.JPG,guava
5-20170413-2-0718.JPG,rice
5-20170413-2-0829.JPG,guava
5-20170413-2-0834.JPG,dragonfruit
5-20170414-2-0008.JPG,guava
5-20170414-2-0375.JPG,corn
5-20170414-2-0470.JPG,pineapple
5-20170414-2-0502.JPG,guava
5-20170414-2-0532.JPG,bareland
5-20170414-2-0537.JPG,banana
5-20170414-2-0549.JPG,dragonfruit
5-20170417-4-0635.JPG,corn
5-20170421-2-0129.JPG,bareland
5-20170425-3-0873.JPG,bareland
5-20170425-4-0194.JPG,guava
5-20170429-3-0462.JPG,garlic
5-20170430-1-0400.JPG,guava
5-20170502-2-0113.JPG,corn
5-20170503-2-0631.JPG,dragonfruit
5-20170503-2-0814.JPG,bareland
5-20170509-4-0220.JPG,garlic
5-20170509-4-0344.JPG,corn
5-20170509-4-0469.JPG,sugarcane
5-20170509-4-0534.JPG,banana
5-20170512-2-0329.JPG,guava
5-20170512-2-0348.JPG,bareland
5-20170512-2-0430.JPG,banana
5-20170512-2-0463.JPG,guava
5-20170512-2-0467.JPG,corn
5-20170512-2-0509.JPG,banana
5-20170512-2-0541.JPG,dragonfruit
5-20170519-4-0054.JPG,bareland
5-20170520-4-0046.JPG,guava
5-20170520-4-0118.JPG,corn
5-20170520-4-0263.JPG,corn
5-20170601-3-0840.JPG,sugarcane
5-20170608-3-0692.JPG,banana
5-20170611-1-0022.JPG,guava
5-20170628-2-0120.JPG,guava
5-20170628-2-0127.JPG,dragonfruit
5-20170628-2-0159.JPG,corn
5-20170628-2-0185.JPG,pineapple
5-20170628-2-0186.JPG,dragonfruit
5-20170628-2-0303.JPG,banana
5-20170628-2-0304.JPG,banana
5-20170628-2-0493.JPG,banana
5-20170628-2-0531.JPG,banana
5-20170628-2-0535.JPG,dragonfruit
5-20170628-2-0536.JPG,guava
5-20170629-2-0602.JPG,dragonfruit
5-20170903-1-0327.JPG,bareland
5-20170904-1-0401.JPG,bareland
5-20170919-2-0897.JPG,banana
5-20170920-2-0335.JPG,sugarcane
5-20170920-2-0657.JPG,dragonfruit
5-20170920-2-0786.JPG,corn
5-20170920-2-0927.JPG,corn
5-20170920-2-0933.JPG,dragonfruit
5-20170920-2-0939.JPG,banana
5-20170920-2-1035.JPG,banana
5-20170920-2-1103.JPG,dragonfruit
5-20170920-2-1163.JPG,sugarcane
5-20170920-2-1205.JPG,pineapple
5-20170929-1-0036.JPG,guava
5-20170930-3-0478.JPG,corn
5-20171001-1-0261.JPG,sugarcane
5-20171005-2-0725.JPG,guava
5-20171005-2-0756.JPG,dragonfruit
5-20171010-1-0007.JPG,sugarcane
5-20171010-1-0009.JPG,banana
5-20171010-1-0299.JPG,sugarcane
5-20171011-3-0061.JPG,sugarcane
5-20171011-4-0322.JPG,soybean
5-20171012-3-0271.JPG,pineapple
5-20171012-4-0026.JPG,pineapple
5-20171012-4-0249.JPG,dragonfruit
5-20171018-3-0001.JPG,pineapple
5-20171018-3-0017.JPG,soybean
5-20171018-3-0068.JPG,bareland
5-20171018-3-0069.JPG,bareland
5-20171018-3-0131.JPG,bareland
5-20171018-3-0139.JPG,bareland
5-20171018-3-0260.JPG,banana
5-20171018-3-0277.JPG,banana
5-20171018-3-0280.JPG,rice
5-20171018-3-0332.JPG,garlic
5-20171018-3-0333.JPG,corn
5-20171018-3-0385.JPG,guava
5-20171018-3-0388.JPG,dragonfruit
5-20171018-3-0418.JPG,rice
5-20171018-3-0441.JPG,banana
5-20171018-3-0442.JPG,pineapple
5-20171018-3-0444.JPG,banana
5-20171018-3-0490.JPG,banana
5-20171018-3-0575.JPG,rice
5-20171024-3-0337.JPG,bareland
5-20171024-3-0370.JPG,corn
5-20171024-4-0472.JPG,pineapple
5-20171025-2-0215.JPG,guava
5-20171025-2-0954.JPG,pineapple
5-20171025-3-0034.JPG,bareland
5-20171025-3-0341.JPG,garlic
5-20171025-3-0405.JPG,sugarcane
5-20171025-3-0692.JPG,pineapple
5-20171025-4-0572.JPG,sugarcane
5-20171025-4-0676.JPG,sugarcane
5-20171025-4-0696.JPG,corn
5-20171025-4-0699.JPG,banana
5-20171025-4-0732.JPG,guava
5-20171025-4-0735.JPG,sugarcane
5-20171026-2-0758.JPG,corn
5-20171027-2-0197.JPG,dragonfruit
5-20171027-2-0231.JPG,dragonfruit
5-20171027-2-0242.JPG,dragonfruit
5-20171027-2-0312.JPG,banana
5-20171027-2-0484.JPG,banana
5-20171027-2-0593.JPG,corn
5-20171027-2-0944.JPG,pineapple
5-20171027-2-0988.JPG,banana
5-20171028-2-0017.JPG,bareland
5-20171028-2-0258.JPG,pineapple
5-20171028-2-0423.JPG,dragonfruit
5-20171028-2-0530.JPG,guava
5-20171028-2-0536.JPG,guava
5-20171030-2-0159.JPG,guava
5-20171030-2-0167.JPG,corn
5-20171030-2-0419.JPG,guava
5-20171030-4-0180.JPG,guava
5-20171030-4-0541.JPG,pineapple
5-20171031-2-0874.JPG,banana
5-20171031-3-0203.JPG,guava
5-20171101-2-0090.JPG,guava
5-20171101-2-0129.JPG,guava
5-20171101-2-0228.JPG,dragonfruit
5-20171101-2-0335.JPG,guava
5-20171101-2-0520.JPG,bareland
5-20171102-2-0211.JPG,guava
5-20171107-2-0608.JPG,guava
5-20171107-4-0043.JPG,sugarcane
5-20171108-2-0157.JPG,soybean
5-20171108-2-0867.JPG,banana
5-20171108-2-0933.JPG,guava
5-20171114-3-0472.JPG,corn
5-20171116-4-0675.JPG,guava
5-20171117-2-0317.JPG,dragonfruit
5-20171117-2-0418.JPG,corn
5-20171123-2-0076.JPG,bareland
5-20171123-2-0255.JPG,corn
5-20171123-2-0300.JPG,guava
5-20171123-2-0386.JPG,guava
5-20171123-2-0589.JPG,corn
5-20171123-2-0596.JPG,pineapple
5-20171123-2-0639.JPG,guava
5-20171127-2-0009.JPG,banana
5-20171127-2-0135.JPG,guava
5-20171127-2-0621.JPG,guava
5-20171127-2-0634.JPG,banana
5-20171128-1-0344.JPG,bareland
5-20171128-2-0777.JPG,banana
5-20171128-2-0778.JPG,banana
5-20171128-2-1012.JPG,banana
5-20171129-2-0570.JPG,banana
5-20171129-2-0763.JPG,dragonfruit
5-20171129-2-0828.JPG,corn
5-20171201-2-0321.JPG,corn
5-20171201-2-0590.JPG,pineapple
5-20171201-2-0603.JPG,guava
5-20171201-2-0604.JPG,guava
5-20171204-2-0295.JPG,banana
5-20171204-4-0157.JPG,guava
5-20171206-4-0294.JPG,banana
5-20171206-4-0302.JPG,bareland
5-20171206-4-0309.JPG,corn
5-20171206-4-0322.JPG,pumpkin
5-20171207-2-0023.JPG,guava
5-20171207-2-0081.JPG,pineapple
5-20171207-2-0082.JPG,dragonfruit
5-20171207-2-0096.JPG,guava
5-20171207-2-0139.JPG,bareland
5-20171207-2-0164.JPG,corn
5-20171207-2-0167.JPG,pineapple
5-20171207-2-0193.JPG,guava
5-20171207-2-0207.JPG,guava
5-20171207-2-0230.JPG,guava
5-20171207-2-0254.JPG,banana
5-20171207-2-0260.JPG,banana
5-20171207-2-0296.JPG,pineapple
5-20171207-2-0308.JPG,corn
5-20171207-2-0339.JPG,guava
5-20171207-2-0343.JPG,dragonfruit
5-20171207-2-0344.JPG,guava
5-20171207-2-0363.JPG,guava
5-20171207-2-0403.JPG,banana
5-20171207-4-0375.JPG,guava
5-20171211-1-0289.JPG,corn
5-20171211-1-0295.JPG,sugarcane
5-20171211-2-0265.JPG,banana
5-20171211-2-0597.JPG,corn
5-20171211-2-0618.JPG,pineapple
5-20171211-2-0656.JPG,guava
5-20171211-3-0244.JPG,sugarcane
5-20171211-4-0018.JPG,corn
5-20171212-3-0105.JPG,carrot
5-20171213-3-0093.JPG,sugarcane
5-20171213-3-0113.JPG,corn
5-20171213-3-0215.JPG,guava
5-20171213-3-0216.JPG,corn
5-20171213-3-0261.JPG,bareland
5-20171213-3-0262.JPG,bareland
5-20171213-3-0286.JPG,rice
5-20171213-3-0288.JPG,bareland
5-20171213-3-0346.JPG,guava
5-20171213-3-0381.JPG,bareland
5-20171213-3-0420.JPG,bareland
5-20171213-3-0449.JPG,soybean
5-20171213-3-0543.JPG,banana
5-20171213-4-0107.JPG,garlic
5-20171213-4-0113.JPG,banana
5-20171213-4-0143.JPG,corn
5-20171213-4-0206.JPG,pineapple
5-20171213-4-0296.JPG,corn
5-20171213-4-0328.JPG,corn
5-20171213-4-0349.JPG,garlic
5-20171213-4-0435.JPG,guava
5-20171213-4-0634.JPG,corn
5-20171215-1-0301.JPG,corn
5-20171215-1-0305.JPG,sugarcane
5-20171215-1-0458.JPG,corn
5-20171217-1-0106.JPG,guava
5-20171217-1-0191.JPG,guava
5-20180115-1-0452.JPG,corn
5-20180117-1-0558.JPG,guava
5-20180117-2-0157.JPG,sugarcane
5-20180118-2-0116.JPG,pineapple
5-20180118-2-0281.JPG,sugarcane
5-20180119-1-0002.JPG,banana
5-20180119-1-0024.JPG,corn
5-20180119-1-0139.JPG,corn
5-20180119-1-0240.JPG,sugarcane
5-20180119-1-0245.JPG,pineapple
5-20180119-1-0259.JPG,pumpkin
5-20180119-1-0341.JPG,guava
5-20180119-1-0414.JPG,pineapple
5-20180119-2-0004.JPG,guava
5-20180119-2-0019.JPG,dragonfruit
5-20180119-2-0021.JPG,banana
5-20180119-2-0052.JPG,corn
5-20180119-2-0054.JPG,corn
5-20180119-2-0106.JPG,corn
5-20180119-2-0138.JPG,guava
5-20180119-2-0213.JPG,bareland
5-20180119-2-0304.JPG,banana
5-20180119-2-0318.JPG,guava
5-20180119-2-0325.JPG,guava
5-20180119-2-0377.JPG,pumpkin
5-20180119-2-0407.JPG,banana
5-20180120-1-0149.JPG,banana
5-20180120-1-0268.JPG,sugarcane
5-20180120-1-0355.JPG,corn
5-20180120-1-0440.JPG,guava
5-20180125-2-0056.JPG,bareland
5-20180125-3-0414.JPG,bareland
5-20180125-4-0670.JPG,guava
5-20180126-4-0088.JPG,banana
5-20180126-4-0160.JPG,corn
5-20180126-4-0176.JPG,corn
5-20180126-4-0200.JPG,pineapple
5-20180126-4-0221.JPG,pineapple
5-20180126-4-0501.JPG,banana
5-20180126-4-0656.JPG,guava
5-20180127-1-0086.JPG,guava
5-20180127-1-0110.JPG,corn
5-20180127-1-0240.JPG,guava
5-20180127-1-0317.JPG,guava
5-20180127-1-0319.JPG,guava
5-20180128-3-0203.JPG,banana
5-20180130-4-0122.JPG,guava
5-20180130-4-0833.JPG,pumpkin
5-20180130-4-0863.JPG,banana
5-20180130-4-0864.JPG,guava
5-20180202-2-0223.JPG,bareland
5-20180202-3-0083.JPG,pineapple
5-20180203-2-0303.JPG,bareland
5-20180203-2-0471.JPG,guava
5-20180204-1-0319.JPG,pineapple
5-20180204-2-0293.JPG,guava
5-20180206-1-0332.JPG,corn
5-20180206-2-0049.JPG,guava
5-20180206-2-0220.JPG,banana
5-20180206-2-0221.JPG,pineapple
5-20180206-2-0234.JPG,guava
5-20180206-2-0401.JPG,guava
5-20180206-2-0513.JPG,soybean
5-20180206-2-0514.JPG,guava
5-20180206-2-0517.JPG,banana
5-20180206-2-0563.JPG,corn
5-20180206-2-0564.JPG,corn
5-20180206-2-0578.JPG,guava
5-20180222-1-0312.JPG,peanut
5-20180222-2-0210.JPG,banana
5-20180224-1-0104.JPG,pumpkin
5-20180224-1-0408.JPG,peanut
5-20180225-1-0187.JPG,corn
5-20180225-3-0157.JPG,bareland
5-20180225-3-0292.JPG,sugarcane
5-20180225-3-0403.JPG,sugarcane
5-20180225-3-0512.JPG,bareland
5-20180227-1-0080.JPG,corn
5-20180228-1-0079.JPG,guava
5-20180228-1-0180.JPG,corn
5-20180228-1-0187.JPG,peanut
5-20180228-4-0762.JPG,guava
5-20180301-2-0152.JPG,guava
5-20180301-2-0274.JPG,soybean
5-20180301-2-0283.JPG,bareland
5-20180302-1-0011.JPG,corn
5-20180302-1-0073.JPG,bareland
5-20180308-4-0534.JPG,banana
5-20180309-1-0047.JPG,banana
5-20180309-1-0048.JPG,pineapple
5-20180309-1-0314.JPG,sugarcane
5-20180309-1-0336.JPG,guava
5-20180309-1-0483.JPG,corn
5-20180310-1-0010.JPG,pineapple
5-20180310-1-0019.JPG,guava
5-20180310-1-0402.JPG,garlic
5-20180314-1-0563.JPG,pineapple
5-20180314-1-0842.JPG,pineapple
5-20180319-3-0380.JPG,banana
5-20180321-4-0077.JPG,pineapple
5-20180321-4-0084.JPG,corn
5-20180321-4-0258.JPG,guava
5-20180321-4-0263.JPG,dragonfruit
5-20180321-4-0265.JPG,dragonfruit
5-20180322-1-0332.JPG,guava
5-20180323-2-0115.JPG,guava
5-20180323-2-0168.JPG,banana
5-20180323-4-0178.JPG,guava
5-20180323-4-0179.JPG,pineapple
5-20180323-4-0182.JPG,corn
5-20180324-1-0363.JPG,guava
5-20180327-1-0017.JPG,bareland
5-20180327-1-0058.JPG,corn
5-20180327-1-0097.JPG,bareland
5-20180327-1-0098.JPG,guava
5-20180327-1-0124.JPG,guava
5-20180327-1-0292.JPG,pineapple
5-20180327-2-0017.JPG,corn
5-20180327-2-0217.JPG,bareland
5-20180327-2-0402.JPG,dragonfruit
5-20180329-2-0141.JPG,sugarcane
5-20180329-2-0257.JPG,banana
5-20180329-2-0293.JPG,guava
5-20180330-1-0149.JPG,guava
5-20180330-2-0437.JPG,guava
5-20180413-1-0071.JPG,corn
5-20180417-2-0078.JPG,corn
5-20180417-2-0138.JPG,banana
5-20180419-4-0178.JPG,dragonfruit
5-20180419-4-0179.JPG,pineapple
5-20180419-4-0180.JPG,pineapple
5-20180420-4-0010.JPG,guava
5-20180420-4-0012.JPG,guava
5-20180420-4-0092.JPG,dragonfruit
5-20180515-2-0275.JPG,banana
5-20180515-2-0276.JPG,corn
5-20180515-2-0419.JPG,guava
5-20180515-2-0435.JPG,corn
5-20180516-4-1140.JPG,guava
5-20180516-4-1222.JPG,guava
5-20180530-1-0353.JPG,sugarcane
5-20180530-2-0032.JPG,banana
5-20180530-2-0048.JPG,sugarcane
5-20180531-2-0149.JPG,pineapple
5-20180531-2-0508.JPG,pineapple
5-20180606-1-0265.JPG,corn
5-20180607-1-0041.JPG,garlic
5-20180617-4-0061.JPG,banana
5-20180617-4-0071.JPG,sugarcane
5-20180709-3-0072.JPG,sugarcane
5-20180710-2-0089.JPG,sugarcane
5-20181001-4-0132.JPG,dragonfruit
5-20181005-4-0610.JPG,banana
5-20181005-4-1046.JPG,dragonfruit
5-20181009-1-0268.JPG,corn
5-20181010-1-0391.JPG,guava
5-20181010-1-0505.JPG,bareland
5-20181010-2-0194.JPG,guava
5-20181010-2-0294.JPG,pumpkin
5-20181010-2-0398.JPG,pineapple
5-20181011-1-0354.JPG,corn
5-20181101-4-0410.JPG,bareland
5-20181103-4-0265.JPG,dragonfruit
5-20181103-4-0329.JPG,dragonfruit
5-20181103-4-0546.JPG,bareland
5-20181103-4-0564.JPG,corn
5-20181103-4-0649.JPG,guava
5-20181103-4-0805.JPG,dragonfruit
5-20181103-4-0814.JPG,dragonfruit
5-20181103-4-0822.JPG,banana
5-20181103-4-1092.JPG,dragonfruit
5-20181103-4-1093.JPG,dragonfruit
5-20181104-4-0819.JPG,guava
7-160107-3-0013.JPG,corn
7-160107-3-0029.JPG,sugarcane
7-160107-3-0207.JPG,corn
7-160107-3-0343.JPG,corn
7-160107-3-0443.JPG,garlic
7-160107-4-0068.JPG,corn
7-160107-4-0074.JPG,corn
7-160107-4-0138.JPG,banana
7-160107-4-0147.JPG,bareland
7-160107-4-0153.JPG,banana
7-160107-4-0296.JPG,banana
7-160107-4-0428.JPG,banana
7-160108-3-0015.JPG,carrot
7-160108-3-0326.JPG,guava
7-160109-2-0653.JPG,banana
7-160111-3-0429.JPG,garlic
7-160111-4-0231.JPG,guava
7-160112-2-0175.JPG,bareland
7-160112-2-0208.JPG,pineapple
7-160112-4-0067.JPG,pineapple
7-160113-2-0115.JPG,pumpkin
7-160113-2-0188.JPG,corn
7-160113-2-0189.JPG,corn
7-160113-2-0235.JPG,guava
7-160113-2-0329.JPG,banana
7-160113-3-0218.JPG,corn
7-160113-4-0034.JPG,corn
7-160114-2-0022.JPG,banana
7-160118-2-0047.JPG,pineapple
7-160119-3-0479.JPG,guava
7-160119-3-0510.JPG,banana
7-160119-3-0526.JPG,corn
7-160119-3-0576.JPG,guava
7-160120-4-0106.JPG,guava
7-160121-1-0153.JPG,guava
7-160121-1-0235.JPG,banana
7-160121-1-0372.JPG,banana
7-160122-2-0248.JPG,rice
7-160122-2-0275.JPG,bareland
7-160122-2-0319.JPG,pumpkin
7-160123-2-0059.JPG,dragonfruit
7-160123-2-0355.JPG,bareland
7-160123-2-0388.JPG,pumpkin
7-160126-3-0383.JPG,guava
7-160126-3-0384.JPG,bareland
7-160126-3-0550.JPG,garlic
7-160127-4-0437.JPG,banana
7-160130-4-0059.JPG,pineapple
7-160205-2-0133.JPG,guava
7-160205-2-0148.JPG,guava
7-160205-2-0271.JPG,banana
7-160205-2-0359.JPG,guava
7-160205-2-0379.JPG,guava
7-160205-2-0583.JPG,corn
7-160205-2-0759.JPG,corn
7-160205-2-0908.JPG,guava
7-160205-2-0914.JPG,dragonfruit
7-160206-2-0164.JPG,guava
7-160215-3-0545.JPG,pineapple
7-160216-1-0039.JPG,sugarcane
7-160216-1-0070.JPG,banana
7-160218-4-0655.JPG,dragonfruit
7-160222-4-0001.JPG,banana
7-160222-4-0004.JPG,guava
7-160222-4-0007.JPG,guava
7-160222-4-0013.JPG,guava
7-160222-4-0014.JPG,pumpkin
7-160222-4-0015.JPG,corn
7-160222-4-0018.JPG,pumpkin
7-160222-4-0019.JPG,banana
7-160222-4-0063.JPG,guava
7-160222-4-0066.JPG,dragonfruit
7-160222-4-0069.JPG,guava
7-160222-4-0240.JPG,pumpkin
7-160222-4-0251.JPG,guava
7-160222-4-0265.JPG,banana
7-160222-4-0272.JPG,soybean
7-160222-4-0287.JPG,guava
7-160222-4-0288.JPG,guava
7-160222-4-0289.JPG,banana
7-160222-4-0290.JPG,pineapple
7-160222-4-0303.JPG,banana
7-160222-4-0319.JPG,banana
7-160222-4-0320.JPG,banana
7-160222-4-0329.JPG,corn
7-160222-4-0331.JPG,guava
7-160222-4-0332.JPG,guava
7-160222-4-0335.JPG,guava
7-160222-4-0339.JPG,rice
7-160222-4-0341.JPG,banana
7-160222-4-0342.JPG,corn
7-160222-4-0349.JPG,pumpkin
7-160222-4-0350.JPG,pumpkin
7-160222-4-0354.JPG,soybean
7-160222-4-0355.JPG,guava
7-160222-4-0359.JPG,corn
7-160222-4-0360.JPG,soybean
7-160222-4-0367.JPG,corn
7-160222-4-0370.JPG,corn
7-160222-4-0372.JPG,banana
7-160222-4-0375.JPG,guava
7-160222-4-0377.JPG,pumpkin
7-160222-4-0382.JPG,guava
7-160222-4-0383.JPG,peanut
7-160222-4-0385.JPG,corn
7-160222-4-0389.JPG,garlic
7-160222-4-0394.JPG,pumpkin
7-160222-4-0396.JPG,guava
7-160222-4-0398.JPG,guava
7-160222-4-0399.JPG,corn
7-160222-4-0401.JPG,banana
7-160222-4-0402.JPG,pumpkin
7-160222-4-0403.JPG,guava
7-160222-4-0404.JPG,guava
7-160222-4-0405.JPG,guava
7-160222-4-0414.JPG,guava
7-160222-4-0416.JPG,corn
7-160222-4-0420.JPG,guava
7-160222-4-0421.JPG,guava
7-160222-4-0423.JPG,guava
7-160222-4-0424.JPG,guava
7-160222-4-0425.JPG,peanut
7-160222-4-0426.JPG,guava
7-160222-4-0427.JPG,guava
7-160222-4-0434.JPG,pineapple
7-160222-4-0438.JPG,corn
7-160222-4-0439.JPG,bareland
7-160222-4-0442.JPG,guava
7-160222-4-0443.JPG,pineapple
7-160222-4-0444.JPG,guava
7-160222-4-0447.JPG,guava
7-160222-4-0451.JPG,pineapple
7-160222-4-0453.JPG,guava
7-160222-4-0454.JPG,bareland
7-160222-4-0457.JPG,corn
7-160222-4-0460.JPG,guava
7-160222-4-0466.JPG,guava
7-160222-4-0469.JPG,banana
7-160222-4-0472.JPG,guava
7-160222-4-0473.JPG,guava
7-160222-4-0474.JPG,pineapple
7-160222-4-0475.JPG,guava
7-160222-4-0477.JPG,peanut
7-160222-4-0480.JPG,pumpkin
7-160222-4-0481.JPG,corn
7-160222-4-0482.JPG,corn
7-160222-4-0483.JPG,guava
7-160222-4-0484.JPG,guava
7-160222-4-0485.JPG,corn
7-160222-4-0487.JPG,bareland
7-160222-4-0492.JPG,guava
7-160222-4-0495.JPG,guava
7-160222-4-0498.JPG,guava
7-160222-4-0499.JPG,guava
7-160222-4-0503.JPG,corn
7-160222-4-0505.JPG,guava
7-160222-4-0506.JPG,guava
7-160222-4-0509.JPG,guava
7-160222-4-0513.JPG,bareland
7-160222-4-0516.JPG,guava
7-160222-4-0518.JPG,bareland
7-160222-4-0522.JPG,corn
7-160223-3-0001.JPG,pumpkin
7-160223-3-0004.JPG,guava
7-160223-3-0005.JPG,pineapple
7-160223-3-0007.JPG,pineapple
7-160223-3-0009.JPG,guava
7-160223-3-0012.JPG,guava
7-160223-3-0013.JPG,soybean
7-160223-3-0015.JPG,guava
7-160223-3-0022.JPG,bareland
7-160223-3-0023.JPG,pineapple
7-160223-3-0028.JPG,pumpkin
7-160223-3-0031.JPG,pineapple
7-160223-3-0032.JPG,soybean
7-160223-3-0040.JPG,bareland
7-160223-3-0044.JPG,garlic
7-160223-3-0045.JPG,sugarcane
7-160223-3-0050.JPG,pineapple
7-160223-3-0056.JPG,corn
7-160223-3-0063.JPG,guava
7-160223-3-0064.JPG,peanut
7-160223-3-0067.JPG,corn
7-160223-3-0070.JPG,bareland
7-160223-3-0075.JPG,corn
7-160223-3-0080.JPG,guava
7-160223-3-0082.JPG,pumpkin
7-160223-3-0083.JPG,guava
7-160223-3-0084.JPG,guava
7-160223-3-0086.JPG,soybean
7-160223-3-0088.JPG,guava
7-160223-3-0091.JPG,guava
7-160223-3-0092.JPG,pumpkin
7-160223-3-0093.JPG,pumpkin
7-160223-3-0094.JPG,guava
7-160223-3-0095.JPG,bareland
7-160223-3-0100.JPG,garlic
7-160223-3-0108.JPG,guava
7-160223-3-0113.JPG,guava
7-160223-3-0118.JPG,corn
7-160223-3-0120.JPG,corn
7-160223-3-0121.JPG,soybean
7-160223-3-0122.JPG,corn
7-160223-3-0123.JPG,guava
7-160223-3-0125.JPG,guava
7-160223-3-0128.JPG,corn
7-160223-3-0131.JPG,garlic
7-160223-3-0136.JPG,bareland
7-160223-3-0138.JPG,guava
7-160223-3-0139.JPG,corn
7-160223-3-0143.JPG,guava
7-160223-3-0144.JPG,guava
7-160223-3-0147.JPG,corn
7-160223-3-0148.JPG,guava
7-160223-3-0150.JPG,pineapple
7-160223-3-0151.JPG,bareland
7-160223-3-0152.JPG,pumpkin
7-160223-3-0154.JPG,pumpkin
7-160223-3-0155.JPG,corn
7-160223-3-0156.JPG,pumpkin
7-160223-3-0168.JPG,corn
7-160223-3-0169.JPG,guava
7-160223-3-0175.JPG,pumpkin
7-160223-3-0181.JPG,corn
7-160223-3-0182.JPG,peanut
7-160223-3-0185.JPG,corn
7-160223-3-0186.JPG,guava
7-160223-3-0189.JPG,corn
7-160223-3-0190.JPG,guava
7-160223-3-0193.JPG,garlic
7-160223-3-0194.JPG,peanut
7-160223-3-0223.JPG,corn
7-160223-3-0226.JPG,pumpkin
7-160223-3-0235.JPG,guava
7-160223-3-0236.JPG,guava
7-160223-3-0237.JPG,corn
7-160223-3-0246.JPG,guava
7-160223-3-0249.JPG,corn
7-160223-3-0253.JPG,corn
7-160223-3-0254.JPG,corn
7-160223-3-0255.JPG,guava
7-160223-3-0258.JPG,guava
7-160223-3-0260.JPG,pumpkin
7-160223-3-0261.JPG,guava
7-160223-3-0263.JPG,guava
7-160223-3-0264.JPG,corn
7-160223-3-0265.JPG,corn
7-160223-3-0266.JPG,bareland
7-160223-3-0268.JPG,corn
7-160223-3-0271.JPG,guava
7-160223-3-0277.JPG,bareland
7-160223-3-0278.JPG,guava
7-160223-3-0280.JPG,pumpkin
7-160223-3-0281.JPG,carrot
7-160223-3-0282.JPG,pumpkin
7-160223-3-0285.JPG,bareland
7-160223-3-0286.JPG,guava
7-160223-3-0287.JPG,carrot
7-160223-3-0288.JPG,corn
7-160223-3-0289.JPG,corn
7-160223-3-0290.JPG,corn
7-160223-3-0291.JPG,soybean
7-160223-3-0292.JPG,corn
7-160223-3-0293.JPG,corn
7-160223-3-0296.JPG,pumpkin
7-160223-3-0298.JPG,soybean
7-160223-3-0303.JPG,corn
7-160223-3-0305.JPG,guava
7-160223-3-0307.JPG,guava
7-160223-3-0315.JPG,guava
7-160223-3-0316.JPG,pumpkin
7-160223-3-0320.JPG,guava
7-160223-3-0327.JPG,guava
7-160223-3-0332.JPG,guava
7-160223-3-0351.JPG,guava
7-160223-3-0383.JPG,bareland
7-160223-3-0399.JPG,guava
7-160223-4-0576.JPG,guava
7-160224-2-0752.JPG,guava
7-160224-2-0891.JPG,guava
7-160224-4-0505.JPG,banana
7-160224-4-0541.JPG,corn
7-160224-4-0556.JPG,corn
7-160224-4-0615.JPG,banana
7-160224-4-0655.JPG,banana
7-160302-3-0719.JPG,guava
7-160302-4-0357.JPG,pineapple
7-160302-4-0358.JPG,corn
7-160302-4-0359.JPG,dragonfruit
7-160302-4-0360.JPG,pineapple
7-160302-4-0377.JPG,pineapple
7-160303-3-0290.JPG,guava
7-160303-4-0344.JPG,banana
7-160303-4-0370.JPG,pumpkin
7-160303-4-0371.JPG,soybean
7-160303-4-0372.JPG,banana
7-160303-4-0537.JPG,banana
7-160316-3-0922.JPG,corn
7-160322-2-0214.JPG,banana
7-160512-2-0127.JPG,rice
7-160512-2-0172.JPG,dragonfruit
7-160512-2-0810.JPG,banana
7-160512-2-0955.JPG,guava
7-160513-2-0049.JPG,corn
7-160513-2-0391.JPG,rice
7-160513-2-0434.JPG,corn
7-160513-3-0025.JPG,corn
7-160513-3-0070.JPG,pineapple
7-160513-3-0489.JPG,pineapple
7-160513-4-0516.JPG,banana
7-160517-1-0035.JPG,banana
7-160521-4-0298.JPG,banana
7-160526-1-0001.JPG,banana
7-160526-1-0073.JPG,sugarcane
7-160526-1-0144.JPG,banana
7-160526-1-0145.JPG,sugarcane
7-160526-1-0151.JPG,banana
7-160526-1-0194.JPG,banana
7-160526-1-0613.JPG,bareland
7-160528-3-0158.JPG,sugarcane
7-160531-2-0137.JPG,guava
7-160531-2-0490.JPG,rice
7-160604-3-0221.JPG,corn
7-160604-3-0222.JPG,corn
7-160605-4-0427.JPG,pumpkin
7-160706-3-0134.JPG,bareland
7-160727-2-0010.JPG,pumpkin
7-160727-2-0011.JPG,guava
7-160727-2-0104.JPG,pineapple
7-160728-2-0091.JPG,bareland
7-160728-2-0143.JPG,guava
7-160728-2-0153.JPG,corn
7-160728-2-0312.JPG,guava
7-160811-2-0039.JPG,guava
7-160922-1-0140.JPG,sugarcane
7-160922-4-0003.JPG,corn
7-160926-2-0332.JPG,banana
7-161012-1-0255.JPG,sugarcane
7-161020-1-0260.JPG,sugarcane
7-161024-1-0702.JPG,sugarcane
7-161029-3-0139.JPG,banana
7-161029-3-0223.JPG,sugarcane
7-161029-3-0259.JPG,banana
7-161029-3-0272.JPG,sugarcane
7-161029-3-0297.JPG,sugarcane
7-161029-3-0313.JPG,banana
7-161029-3-0353.JPG,sugarcane
7-161029-3-0378.JPG,bareland
7-161029-4-0388.JPG,corn
7-161029-4-0506.JPG,corn
7-161029-4-0517.JPG,bareland
7-161103-1-0005.JPG,bareland
7-161103-1-0012.JPG,sugarcane
7-161103-1-0085.JPG,guava
7-161205-3-0855.JPG,banana
7-161206-2-0038.JPG,dragonfruit
7-161206-2-0163.JPG,bareland
7-161206-2-0268.JPG,guava
7-161206-2-0713.JPG,guava
7-161206-2-1054.JPG,dragonfruit
7-161207-1-0161.JPG,banana
7-161207-2-0418.JPG,banana
7-161207-2-0802.JPG,soybean
7-161212-1-0285.JPG,bareland
7-161212-1-0286.JPG,guava
7-161212-1-0356.JPG,sugarcane
7-20161207-4-0318.JPG,guava
7-20161207-4-0506.JPG,banana
7-20161208-4-0124.JPG,soybean
7-20161208-4-0243.JPG,bareland
7-20161209-4-0134.JPG,bareland
7-20161210-3-0213.JPG,bareland
7-20161212-3-0117.JPG,banana
7-20161212-3-0193.JPG,guava
7-20161212-3-0253.JPG,corn
7-20161212-3-0359.JPG,corn
7-20161212-3-0457.JPG,guava
7-20161212-3-0702.JPG,banana
7-20161212-3-0742.JPG,banana
7-20161212-3-0772.JPG,corn
7-20170120-1-0295.JPG,guava
7-20170120-1-0318.JPG,pineapple
7-20170120-1-0541.JPG,corn
7-20170122-1-0071.JPG,sugarcane
7-20170122-1-0502.JPG,corn
7-20170122-3-0138.JPG,corn
7-20170122-3-0184.JPG,guava
7-20170122-3-0218.JPG,banana
7-20170122-3-0233.JPG,banana
7-20170122-3-0292.JPG,corn
7-20170122-3-0310.JPG,corn
7-20170122-3-0316.JPG,guava
7-20170122-3-0334.JPG,guava
7-20170122-3-0337.JPG,guava
7-20170122-3-0391.JPG,corn
7-20170122-3-0401.JPG,corn
7-20170122-3-0404.JPG,sugarcane
7-20170122-3-0438.JPG,rice
7-20170122-3-0448.JPG,peanut
7-20170122-3-0460.JPG,banana
7-20170122-3-0477.JPG,corn
7-20170122-3-0480.JPG,banana
7-20170122-3-0501.JPG,guava
7-20170122-3-0527.JPG,banana
7-20170122-3-0576.JPG,dragonfruit
7-20170124-1-0434.JPG,dragonfruit
7-20170124-2-0107.JPG,dragonfruit
7-20170124-2-0185.JPG,sugarcane
7-20170124-2-0195.JPG,bareland
7-20170124-2-0249.JPG,bareland
7-20170124-2-0292.JPG,dragonfruit
7-20170124-2-0309.JPG,dragonfruit
7-20170124-2-0315.JPG,guava
7-20170124-2-0317.JPG,guava
7-20170124-2-0318.JPG,guava
7-20170124-2-0330.JPG,banana
7-20170124-2-0334.JPG,bareland
7-20170124-2-0337.JPG,banana
7-20170124-2-0342.JPG,corn
7-20170124-2-0375.JPG,banana
7-20170124-2-0425.JPG,rice
7-20170124-2-0501.JPG,banana
7-20170203-1-0032.JPG,pineapple
7-20170203-1-0208.JPG,corn
7-20170205-1-0325.JPG,pineapple
7-20170205-1-0423.JPG,garlic
7-20170205-1-0551.JPG,corn
7-20170205-1-0560.JPG,pineapple
7-20170206-1-0038.JPG,garlic
7-20170206-3-0031.JPG,corn
7-20170206-3-0039.JPG,bareland
7-20170214-3-0089.JPG,guava
7-20170214-4-0011.JPG,pineapple
7-20170214-4-0099.JPG,guava
7-20170214-4-0106.JPG,banana
7-20170214-4-0160.JPG,bareland
7-20170214-4-0181.JPG,guava
7-20170214-4-0301.JPG,pineapple
7-20170214-4-0322.JPG,guava
7-20170214-4-0346.JPG,guava
7-20170214-4-0356.JPG,guava
7-20170214-4-0377.JPG,guava
7-20170214-4-0388.JPG,guava
7-20170214-4-0517.JPG,pineapple
7-20170216-3-0023.JPG,banana
7-20170216-3-0165.JPG,bareland
7-20170217-4-0251.JPG,soybean
7-20170220-1-0102.JPG,sugarcane
7-20170220-1-0269.JPG,dragonfruit
7-20170220-1-0283.JPG,guava
7-20170220-1-0317.JPG,banana
7-20170220-1-0564.JPG,banana
7-20170220-3-0425.JPG,peanut
7-20170220-3-0543.JPG,corn
7-20170220-3-0589.JPG,guava
7-20170220-3-0770.JPG,corn
7-20170221-1-0096.JPG,corn
7-20170221-3-0008.JPG,bareland
7-20170221-3-0297.JPG,dragonfruit
7-20170221-3-0751.JPG,guava
7-20170222-1-0305.JPG,guava
7-20170224-4-0417.JPG,corn
7-20170305-1-0061.JPG,dragonfruit
7-20170309-2-0037.JPG,bareland
7-20170309-2-0095.JPG,guava
7-20170309-2-0097.JPG,guava
7-20170309-2-0098.JPG,guava
7-20170309-3-0335.JPG,pineapple
7-20170309-3-0390.JPG,bareland
7-20170309-3-0422.JPG,garlic
7-20170309-3-0427.JPG,pineapple
7-20170309-3-0472.JPG,sugarcane
7-20170309-3-0479.JPG,guava
7-20170309-3-0518.JPG,pineapple
7-20170309-3-0551.JPG,pineapple
7-20170310-3-0132.JPG,corn
7-20170314-4-0110.JPG,guava
7-20170314-4-0331.JPG,banana
7-20170314-4-0467.JPG,corn
7-20170314-4-0518.JPG,bareland
7-20170316-3-0081.JPG,guava
7-20170316-3-0155.JPG,guava
7-20170319-2-0041.JPG,guava
7-20170319-2-0134.JPG,bareland
7-20170319-2-0204.JPG,banana
7-20170319-2-0266.JPG,bareland
7-20170319-2-0281.JPG,bareland
7-20170319-2-0308.JPG,rice
7-20170319-2-0374.JPG,bareland
7-20170319-2-0382.JPG,pineapple
7-20170319-2-0383.JPG,dragonfruit
7-20170319-2-0384.JPG,dragonfruit
7-20170320-2-0107.JPG,bareland
7-20170320-2-0109.JPG,banana
7-20170320-2-0160.JPG,banana
7-20170321-1-0282.JPG,dragonfruit
7-20170321-1-0326.JPG,guava
7-20170324-2-0536.JPG,banana
7-20170328-2-0525.JPG,bareland
7-20170328-2-0674.JPG,pineapple
7-20170328-2-0710.JPG,guava
7-20170328-2-0724.JPG,guava
7-20170328-2-0984.JPG,sugarcane
7-20170328-2-1016.JPG,pumpkin
7-20170328-2-1027.JPG,guava
7-20170328-2-1034.JPG,corn
7-20170328-3-0168.JPG,soybean
7-20170328-4-0166.JPG,corn
7-20170328-4-0170.JPG,guava
7-20170328-4-0510.JPG,bareland
7-20170328-4-0608.JPG,guava
7-20170328-4-1076.JPG,guava
7-20170329-2-0072.JPG,guava
7-20170329-2-0076.JPG,dragonfruit
7-20170329-2-0078.JPG,banana
7-20170329-2-0099.JPG,guava
7-20170329-2-0212.JPG,corn
7-20170329-3-0452.JPG,bareland
7-20170329-3-0458.JPG,guava
7-20170329-3-0836.JPG,guava
7-20170329-3-0883.JPG,guava
7-20170329-3-0885.JPG,rice
7-20170329-3-0888.JPG,guava
7-20170329-3-0930.JPG,guava
7-20170329-3-1076.JPG,guava
7-20170329-4-0206.JPG,guava
7-20170329-4-0266.JPG,guava
7-20170331-2-0023.JPG,guava
7-20170331-2-0536.JPG,guava
7-20170331-2-0629.JPG,banana
7-20170404-1-0515.JPG,guava
7-20170404-1-0570.JPG,banana
7-20170406-2-0018.JPG,banana
7-20170406-2-0037.JPG,banana
7-20170406-2-0049.JPG,pineapple
7-20170406-2-0054.JPG,dragonfruit
7-20170406-2-0150.JPG,pineapple
7-20170406-2-0169.JPG,dragonfruit
7-20170406-2-0175.JPG,banana
7-20170406-2-0182.JPG,bareland
7-20170406-2-0186.JPG,guava
7-20170406-2-0230.JPG,dragonfruit
7-20170406-2-0259.JPG,pineapple
7-20170406-2-0261.JPG,bareland
7-20170406-2-0299.JPG,guava
7-20170406-2-0313.JPG,bareland
7-20170406-2-0387.JPG,guava
7-20170406-2-0388.JPG,banana
7-20170406-2-0426.JPG,bareland
7-20170406-2-0872.JPG,corn
7-20170406-2-0902.JPG,banana
7-20170411-2-0757.JPG,banana
7-20170411-4-0150.JPG,bareland
7-20170412-2-0071.JPG,bareland
7-20170412-2-0187.JPG,pineapple
7-20170412-2-0405.JPG,dragonfruit
7-20170412-2-0538.JPG,guava
7-20170412-2-0575.JPG,banana
7-20170412-2-0577.JPG,guava
7-20170412-2-0579.JPG,dragonfruit
7-20170412-2-0606.JPG,corn
7-20170412-3-0421.JPG,pineapple
7-20170413-2-0439.JPG,guava
7-20170413-2-0653.JPG,corn
7-20170413-2-0829.JPG,guava
7-20170413-2-0834.JPG,dragonfruit
7-20170414-2-0008.JPG,dragonfruit
7-20170414-2-0375.JPG,corn
7-20170414-2-0470.JPG,guava
7-20170414-2-0502.JPG,corn
7-20170414-2-0532.JPG,banana
7-20170414-2-0537.JPG,banana
7-20170414-2-0549.JPG,dragonfruit
7-20170417-4-0786.JPG,banana
7-20170419-1-0483.JPG,guava
7-20170419-1-0568.JPG,bareland
7-20170419-4-0675.JPG,banana
7-20170421-2-0129.JPG,banana
7-20170425-3-0873.JPG,banana
7-20170425-4-0194.JPG,guava
7-20170429-3-0462.JPG,guava
7-20170430-1-0400.JPG,banana
7-20170502-2-0113.JPG,guava
7-20170503-2-0814.JPG,guava
7-20170505-2-0111.JPG,pineapple
7-20170509-4-0220.JPG,garlic
7-20170509-4-0344.JPG,corn
7-20170509-4-0534.JPG,banana
7-20170512-2-0348.JPG,dragonfruit
7-20170512-2-0467.JPG,banana
7-20170512-2-0541.JPG,banana
7-20170519-4-0054.JPG,banana
7-20170520-4-0027.JPG,corn
7-20170520-4-0118.JPG,bareland
7-20170520-4-0263.JPG,corn
7-20170601-3-0840.JPG,banana
7-20170608-3-0692.JPG,guava
7-20170611-1-0022.JPG,banana
7-20170628-2-0120.JPG,guava
7-20170628-2-0127.JPG,dragonfruit
7-20170628-2-0159.JPG,corn
7-20170628-2-0185.JPG,corn
7-20170628-2-0186.JPG,rice
7-20170628-2-0303.JPG,guava
7-20170628-2-0304.JPG,banana
7-20170628-2-0493.JPG,pumpkin
7-20170628-2-0531.JPG,banana
7-20170628-2-0535.JPG,dragonfruit
7-20170628-2-0536.JPG,dragonfruit
7-20170629-2-0602.JPG,dragonfruit
7-20170903-1-0327.JPG,bareland
7-20170919-2-0897.JPG,banana
7-20170920-2-0335.JPG,sugarcane
7-20170920-2-0786.JPG,corn
7-20170920-2-0923.JPG,pineapple
7-20170920-2-0927.JPG,dragonfruit
7-20170920-2-0933.JPG,dragonfruit
7-20170920-2-0939.JPG,banana
7-20170920-2-1035.JPG,banana
7-20170920-2-1103.JPG,dragonfruit
7-20170920-2-1163.JPG,pineapple
7-20170920-2-1205.JPG,pineapple
7-20170930-3-0133.JPG,pineapple
7-20170930-4-0265.JPG,sugarcane
7-20171001-1-0261.JPG,sugarcane
7-20171005-2-0725.JPG,guava
7-20171005-2-0756.JPG,dragonfruit
7-20171008-1-0041.JPG,sugarcane
7-20171010-1-0007.JPG,banana
7-20171010-1-0009.JPG,banana
7-20171010-1-0027.JPG,banana
7-20171010-1-0028.JPG,dragonfruit
7-20171010-1-0299.JPG,garlic
7-20171011-1-0463.JPG,guava
7-20171011-3-0050.JPG,banana
7-20171011-3-0061.JPG,pineapple
7-20171011-4-0322.JPG,soybean
7-20171012-3-0271.JPG,pineapple
7-20171012-4-0249.JPG,banana
7-20171018-3-0002.JPG,bareland
7-20171018-3-0017.JPG,dragonfruit
7-20171018-3-0063.JPG,bareland
7-20171018-3-0073.JPG,banana
7-20171018-3-0106.JPG,guava
7-20171018-3-0116.JPG,bareland
7-20171018-3-0120.JPG,bareland
7-20171018-3-0188.JPG,banana
7-20171018-3-0280.JPG,bareland
7-20171018-3-0332.JPG,garlic
7-20171018-3-0333.JPG,corn
7-20171018-3-0338.JPG,bareland
7-20171018-3-0383.JPG,guava
7-20171018-3-0385.JPG,guava
7-20171018-3-0388.JPG,dragonfruit
7-20171018-3-0406.JPG,garlic
7-20171018-3-0441.JPG,banana
7-20171018-3-0469.JPG,corn
7-20171018-3-0470.JPG,sugarcane
7-20171018-3-0480.JPG,pineapple
7-20171018-3-0500.JPG,bareland
7-20171018-3-0549.JPG,banana
7-20171018-3-0575.JPG,pumpkin
7-20171024-3-0111.JPG,dragonfruit
7-20171024-3-0358.JPG,banana
7-20171024-3-0370.JPG,corn
7-20171024-4-0472.JPG,pineapple
7-20171025-2-0215.JPG,soybean
7-20171025-2-0954.JPG,pineapple
7-20171025-3-0034.JPG,guava
7-20171025-3-0341.JPG,garlic
7-20171025-3-0405.JPG,banana
7-20171025-3-0443.JPG,guava
7-20171025-3-0692.JPG,pineapple
7-20171025-4-0075.JPG,guava
7-20171025-4-0470.JPG,corn
7-20171025-4-0572.JPG,bareland
7-20171025-4-0676.JPG,garlic
7-20171025-4-0732.JPG,corn
7-20171025-4-0735.JPG,sugarcane
7-20171026-2-0758.JPG,dragonfruit
7-20171027-2-0197.JPG,banana
7-20171027-2-0231.JPG,dragonfruit
7-20171027-2-0242.JPG,guava
7-20171027-2-0484.JPG,banana
7-20171027-2-0593.JPG,corn
7-20171027-2-0944.JPG,pineapple
7-20171027-2-0988.JPG,pineapple
7-20171028-2-0017.JPG,bareland
7-20171028-2-0258.JPG,dragonfruit
7-20171028-2-0423.JPG,guava
7-20171028-2-0437.JPG,banana
7-20171028-2-0530.JPG,pineapple
7-20171028-2-0536.JPG,guava
7-20171030-2-0167.JPG,guava
7-20171030-2-0419.JPG,guava
7-20171030-3-0081.JPG,guava
7-20171030-4-0180.JPG,guava
7-20171031-3-0203.JPG,bareland
7-20171101-2-0090.JPG,guava
7-20171101-2-0128.JPG,banana
7-20171101-2-0129.JPG,dragonfruit
7-20171101-2-0228.JPG,corn
7-20171101-2-0335.JPG,guava
7-20171101-2-0405.JPG,guava
7-20171101-2-0520.JPG,bareland
7-20171101-2-0527.JPG,dragonfruit
7-20171102-2-0211.JPG,banana
7-20171107-1-0457.JPG,bareland
7-20171107-1-0459.JPG,guava
7-20171107-2-0608.JPG,guava
7-20171108-2-0157.JPG,rice
7-20171108-2-0867.JPG,banana
7-20171108-2-0933.JPG,guava
7-20171109-2-0700.JPG,guava
7-20171114-3-0472.JPG,corn
7-20171116-4-0678.JPG,guava
7-20171117-2-0317.JPG,dragonfruit
7-20171117-2-0418.JPG,corn
7-20171123-1-0418.JPG,banana
7-20171123-1-0453.JPG,guava
7-20171123-2-0076.JPG,banana
7-20171123-2-0255.JPG,dragonfruit
7-20171123-2-0300.JPG,guava
7-20171123-2-0386.JPG,guava
7-20171123-2-0589.JPG,guava
7-20171123-2-0596.JPG,pineapple
7-20171123-2-0639.JPG,guava
7-20171127-2-0009.JPG,banana
7-20171127-2-0135.JPG,guava
7-20171127-2-0621.JPG,guava
7-20171127-2-0634.JPG,banana
7-20171128-2-0777.JPG,banana
7-20171128-2-0778.JPG,banana
7-20171128-2-1012.JPG,banana
7-20171129-1-0440.JPG,banana
7-20171129-2-0570.JPG,corn
7-20171129-2-0763.JPG,corn
7-20171129-2-0828.JPG,corn
7-20171201-2-0321.JPG,guava
7-20171201-2-0590.JPG,corn
7-20171201-2-0603.JPG,guava
7-20171201-2-0604.JPG,corn
7-20171204-2-0295.JPG,banana
7-20171204-4-0157.JPG,corn
7-20171206-4-0272.JPG,sugarcane
7-20171206-4-0294.JPG,banana
7-20171206-4-0302.JPG,bareland
7-20171206-4-0309.JPG,corn
7-20171206-4-0322.JPG,banana
7-20171207-2-0023.JPG,dragonfruit
7-20171207-2-0081.JPG,corn
7-20171207-2-0082.JPG,guava
7-20171207-2-0096.JPG,guava
7-20171207-2-0139.JPG,guava
7-20171207-2-0164.JPG,guava
7-20171207-2-0167.JPG,dragonfruit
7-20171207-2-0193.JPG,guava
7-20171207-2-0207.JPG,bareland
7-20171207-2-0230.JPG,guava
7-20171207-2-0254.JPG,banana
7-20171207-2-0260.JPG,pineapple
7-20171207-2-0296.JPG,banana
7-20171207-2-0308.JPG,banana
7-20171207-2-0339.JPG,guava
7-20171207-2-0344.JPG,soybean
7-20171207-2-0363.JPG,guava
7-20171207-2-0403.JPG,guava
7-20171207-4-0375.JPG,guava
7-20171211-1-0289.JPG,guava
7-20171211-2-0265.JPG,pineapple
7-20171211-2-0478.JPG,garlic
7-20171211-2-0597.JPG,guava
7-20171211-2-0618.JPG,guava
7-20171211-2-0656.JPG,guava
7-20171211-4-0016.JPG,corn
7-20171211-4-0018.JPG,guava
7-20171212-3-0105.JPG,soybean
7-20171213-3-0093.JPG,bareland
7-20171213-3-0113.JPG,bareland
7-20171213-3-0216.JPG,corn
7-20171213-3-0261.JPG,corn
7-20171213-3-0276.JPG,bareland
7-20171213-3-0345.JPG,corn
7-20171213-3-0385.JPG,bareland
7-20171213-3-0396.JPG,guava
7-20171213-3-0420.JPG,guava
7-20171213-3-0449.JPG,guava
7-20171213-3-0543.JPG,guava
7-20171213-3-0625.JPG,guava
7-20171213-4-0107.JPG,garlic
7-20171213-4-0206.JPG,sugarcane
7-20171213-4-0231.JPG,garlic
7-20171213-4-0238.JPG,bareland
7-20171213-4-0328.JPG,corn
7-20171213-4-0349.JPG,corn
7-20171213-4-0435.JPG,guava
7-20171215-1-0301.JPG,banana
7-20171215-1-0305.JPG,sugarcane
7-20171215-1-0458.JPG,corn
7-20171217-1-0106.JPG,corn
7-20171217-1-0191.JPG,banana
7-20180116-1-0033.JPG,guava
7-20180116-2-0212.JPG,guava
7-20180117-1-0147.JPG,corn
7-20180117-1-0558.JPG,guava
7-20180117-2-0157.JPG,banana
7-20180118-1-0064.JPG,dragonfruit
7-20180118-2-0281.JPG,banana
7-20180119-1-0002.JPG,garlic
7-20180119-1-0024.JPG,pineapple
7-20180119-1-0133.JPG,corn
7-20180119-1-0139.JPG,corn
7-20180119-1-0174.JPG,guava
7-20180119-1-0240.JPG,corn
7-20180119-1-0245.JPG,guava
7-20180119-1-0259.JPG,pumpkin
7-20180119-1-0341.JPG,corn
7-20180119-1-0414.JPG,pineapple
7-20180119-2-0004.JPG,corn
7-20180119-2-0019.JPG,pineapple
7-20180119-2-0021.JPG,bareland
7-20180119-2-0054.JPG,corn
7-20180119-2-0106.JPG,pineapple
7-20180119-2-0113.JPG,corn
7-20180119-2-0138.JPG,guava
7-20180119-2-0213.JPG,bareland
7-20180119-2-0304.JPG,corn
7-20180119-2-0318.JPG,guava
7-20180119-2-0325.JPG,guava
7-20180119-2-0377.JPG,banana
7-20180119-2-0407.JPG,banana
7-20180120-1-0268.JPG,guava
7-20180120-1-0355.JPG,corn
7-20180120-1-0381.JPG,sugarcane
7-20180120-1-0440.JPG,guava
7-20180125-2-0056.JPG,guava
7-20180125-3-0414.JPG,bareland
7-20180125-4-0670.JPG,guava
7-20180126-4-0088.JPG,banana
7-20180126-4-0160.JPG,guava
7-20180126-4-0176.JPG,pineapple
7-20180126-4-0221.JPG,banana
7-20180126-4-0501.JPG,banana
7-20180126-4-0656.JPG,guava
7-20180127-1-0110.JPG,garlic
7-20180127-1-0158.JPG,guava
7-20180127-1-0230.JPG,bareland
7-20180127-1-0240.JPG,banana
7-20180128-3-0203.JPG,guava
7-20180130-4-0122.JPG,banana
7-20180130-4-0863.JPG,guava
7-20180130-4-0864.JPG,guava
7-20180202-2-0223.JPG,bareland
7-20180202-3-0083.JPG,sugarcane
7-20180203-2-0471.JPG,banana
7-20180204-1-0319.JPG,guava
7-20180204-2-0293.JPG,guava
7-20180206-2-0049.JPG,guava
7-20180206-2-0203.JPG,bareland
7-20180206-2-0220.JPG,banana
7-20180206-2-0221.JPG,pineapple
7-20180206-2-0234.JPG,pineapple
7-20180206-2-0401.JPG,guava
7-20180206-2-0513.JPG,soybean
7-20180206-2-0514.JPG,guava
7-20180206-2-0517.JPG,banana
7-20180206-2-0563.JPG,soybean
7-20180206-2-0564.JPG,pineapple
7-20180206-2-0578.JPG,guava
7-20180222-1-0312.JPG,guava
7-20180222-2-0210.JPG,bareland
7-20180224-1-0104.JPG,pumpkin
7-20180224-1-0408.JPG,pumpkin
7-20180225-1-0187.JPG,bareland
7-20180225-3-0157.JPG,sugarcane
7-20180225-3-0403.JPG,sugarcane
7-20180225-3-0513.JPG,bareland
7-20180227-1-0080.JPG,corn
7-20180228-1-0063.JPG,corn
7-20180228-1-0079.JPG,guava
7-20180228-1-0180.JPG,bareland
7-20180228-1-0187.JPG,corn
7-20180228-4-0762.JPG,dragonfruit
7-20180301-2-0274.JPG,soybean
7-20180301-2-0283.JPG,soybean
7-20180302-1-0011.JPG,corn
7-20180302-1-0073.JPG,bareland
7-20180302-1-0250.JPG,corn
7-20180302-1-0401.JPG,guava
7-20180302-1-0613.JPG,guava
7-20180302-1-0698.JPG,banana
7-20180302-1-0919.JPG,guava
7-20180308-4-0534.JPG,dragonfruit
7-20180309-1-0047.JPG,bareland
7-20180309-1-0048.JPG,pineapple
7-20180309-1-0314.JPG,garlic
7-20180309-1-0336.JPG,guava
7-20180309-1-0483.JPG,corn
7-20180310-1-0010.JPG,corn
7-20180310-1-0019.JPG,guava
7-20180314-1-0563.JPG,corn
7-20180314-1-0842.JPG,guava
7-20180319-3-0380.JPG,banana
7-20180321-4-0077.JPG,guava
7-20180321-4-0263.JPG,dragonfruit
7-20180321-4-0265.JPG,banana
7-20180323-2-0115.JPG,guava
7-20180323-2-0168.JPG,dragonfruit
7-20180323-4-0179.JPG,dragonfruit
7-20180323-4-0180.JPG,dragonfruit
7-20180323-4-0182.JPG,corn
7-20180324-1-0061.JPG,bareland
7-20180324-1-0363.JPG,guava
7-20180327-1-0017.JPG,bareland
7-20180327-1-0097.JPG,guava
7-20180327-1-0098.JPG,guava
7-20180327-1-0124.JPG,guava
7-20180327-1-0292.JPG,guava
7-20180327-2-0402.JPG,banana
7-20180329-2-0141.JPG,pineapple
7-20180329-2-0198.JPG,corn
7-20180329-2-0256.JPG,sugarcane
7-20180329-2-0257.JPG,corn
7-20180329-2-0293.JPG,corn
7-20180329-2-0489.JPG,pineapple
7-20180329-2-0570.JPG,sugarcane
7-20180330-1-0149.JPG,guava
7-20180330-2-0437.JPG,corn
7-20180416-3-0427.JPG,pumpkin
7-20180417-2-0078.JPG,bareland
7-20180417-2-0138.JPG,guava
7-20180419-4-0178.JPG,corn
7-20180419-4-0180.JPG,dragonfruit
7-20180419-4-0426.JPG,banana
7-20180420-4-0010.JPG,banana
7-20180420-4-0012.JPG,dragonfruit
7-20180420-4-0091.JPG,banana
7-20180515-2-0275.JPG,corn
7-20180515-2-0276.JPG,banana
7-20180515-2-0435.JPG,guava
7-20180516-4-1140.JPG,guava
7-20180516-4-1222.JPG,guava
7-20180530-2-0032.JPG,corn
7-20180531-2-0149.JPG,pineapple
7-20180531-2-0508.JPG,guava
7-20180607-1-0041.JPG,garlic
7-20180617-4-0071.JPG,sugarcane
7-20180709-3-0072.JPG,banana
7-20180710-2-0089.JPG,sugarcane
7-20181005-4-0610.JPG,guava
7-20181005-4-1046.JPG,bareland
7-20181009-1-0267.JPG,pumpkin
7-20181009-2-0164.JPG,sugarcane
7-20181010-1-0505.JPG,bareland
7-20181010-2-0194.JPG,guava
7-20181010-2-0229.JPG,corn
7-20181010-2-0294.JPG,guava
7-20181010-2-0398.JPG,corn
7-20181011-1-0354.JPG,bareland
7-20181103-4-0206.JPG,banana
7-20181103-4-0265.JPG,corn
7-20181103-4-0329.JPG,guava
7-20181103-4-0546.JPG,dragonfruit
7-20181103-4-0564.JPG,corn
7-20181103-4-0649.JPG,corn
7-20181103-4-0805.JPG,banana
7-20181103-4-0814.JPG,dragonfruit
7-20181103-4-0822.JPG,dragonfruit
7-20181103-4-1092.JPG,guava
7-20181103-4-1093.JPG,guava
7-20181104-4-0819.JPG,guava
