160107-1-0216.JPG,tomato
160107-3-0013.JPG,tomato
160107-3-0029.JPG,tomato
160107-3-0087.JPG,tomato
160107-3-0089.JPG,tomato
160107-3-0207.JPG,tomato
160107-3-0208.JPG,tomato
160107-3-0343.JPG,tomato
160107-3-0440.JPG,tomato
160107-3-0443.JPG,corn
160107-4-0068.JPG,tomato
160107-4-0074.JPG,tomato
160107-4-0138.JPG,tomato
160107-4-0147.JPG,tomato
160107-4-0153.JPG,tomato
160107-4-0214.JPG,tomato
160107-4-0296.JPG,tomato
160107-4-0428.JPG,tomato
160108-2-0293.JPG,tomato
160108-3-0015.JPG,tomato
160108-3-0183.JPG,banana
160108-3-0189.JPG,tomato
160108-3-0326.JPG,tomato
160109-2-0493.JPG,tomato
160109-2-0622.JPG,tomato
160109-2-0653.JPG,tomato
160111-3-0429.JPG,tomato
160111-4-0231.JPG,tomato
160112-2-0175.JPG,tomato
160112-2-0208.JPG,tomato
160112-3-0120.JPG,tomato
160112-4-0067.JPG,tomato
160113-2-0115.JPG,tomato
160113-2-0188.JPG,tomato
160113-2-0189.JPG,tomato
160113-2-0235.JPG,tomato
160113-2-0329.JPG,tomato
160113-3-0218.JPG,tomato
160113-4-0034.JPG,tomato
160114-2-0022.JPG,tomato
160114-2-0054.JPG,tomato
160114-2-0282.JPG,tomato
160118-2-0047.JPG,tomato
160119-3-0451.JPG,bareland
160119-3-0479.JPG,tomato
160119-3-0510.JPG,tomato
160119-3-0526.JPG,tomato
160119-3-0576.JPG,tomato
160120-4-0106.JPG,tomato
160121-1-0149.JPG,tomato
160121-1-0150.JPG,tomato
160121-1-0152.JPG,tomato
160121-1-0153.JPG,tomato
160121-1-0235.JPG,tomato
160121-1-0372.JPG,tomato
160122-2-0227.JPG,rice
160122-2-0244.JPG,tomato
160122-2-0248.JPG,tomato
160122-2-0275.JPG,rice
160122-2-0319.JPG,tomato
160122-2-0388.JPG,tomato
160123-2-0059.JPG,corn
160123-2-0355.JPG,tomato
160123-2-0388.JPG,tomato
160123-2-0391.JPG,tomato
160124-1-0459.JPG,sugarcane
160126-3-0137.JPG,tomato
160126-3-0383.JPG,tomato
160126-3-0384.JPG,tomato
160126-3-0550.JPG,tomato
160127-4-0437.JPG,tomato
160130-4-0059.JPG,tomato
160130-4-0060.JPG,peanut
160203-1-0830.JPG,tomato
160205-2-0133.JPG,tomato
160205-2-0148.JPG,tomato
160205-2-0271.JPG,tomato
160205-2-0359.JPG,tomato
160205-2-0379.JPG,tomato
160205-2-0583.JPG,tomato
160205-2-0759.JPG,tomato
160205-2-0908.JPG,tomato
160205-2-0914.JPG,tomato
160205-2-1016.JPG,tomato
160205-2-1017.JPG,tomato
160206-2-0164.JPG,tomato
160215-3-0110.JPG,tomato
160215-3-0545.JPG,tomato
160216-1-0039.JPG,tomato
160216-1-0070.JPG,tomato
160216-1-0416.JPG,tomato
160216-2-0547.JPG,tomato
160218-4-0655.JPG,tomato
160222-4-0001.JPG,tomato
160222-4-0004.JPG,tomato
160222-4-0005.JPG,tomato
160222-4-0007.JPG,tomato
160222-4-0009.JPG,tomato
160222-4-0013.JPG,tomato
160222-4-0014.JPG,tomato
160222-4-0015.JPG,tomato
160222-4-0018.JPG,tomato
160222-4-0019.JPG,tomato
160222-4-0028.JPG,tomato
160222-4-0063.JPG,tomato
160222-4-0066.JPG,tomato
160222-4-0069.JPG,tomato
160222-4-0198.JPG,tomato
160222-4-0240.JPG,banana
160222-4-0251.JPG,tomato
160222-4-0261.JPG,tomato
160222-4-0265.JPG,tomato
160222-4-0272.JPG,tomato
160222-4-0287.JPG,tomato
160222-4-0288.JPG,tomato
160222-4-0289.JPG,tomato
160222-4-0290.JPG,tomato
160222-4-0303.JPG,tomato
160222-4-0319.JPG,tomato
160222-4-0320.JPG,tomato
160222-4-0326.JPG,tomato
160222-4-0329.JPG,tomato
160222-4-0331.JPG,tomato
160222-4-0332.JPG,tomato
160222-4-0335.JPG,tomato
160222-4-0339.JPG,pumpkin
160222-4-0341.JPG,tomato
160222-4-0342.JPG,tomato
160222-4-0344.JPG,tomato
160222-4-0349.JPG,tomato
160222-4-0350.JPG,tomato
160222-4-0354.JPG,tomato
160222-4-0355.JPG,tomato
160222-4-0359.JPG,tomato
160222-4-0360.JPG,tomato
160222-4-0366.JPG,tomato
160222-4-0367.JPG,tomato
160222-4-0370.JPG,tomato
160222-4-0371.JPG,tomato
160222-4-0372.JPG,rice
160222-4-0375.JPG,tomato
160222-4-0377.JPG,peanut
160222-4-0381.JPG,tomato
160222-4-0382.JPG,tomato
160222-4-0383.JPG,corn
160222-4-0385.JPG,tomato
160222-4-0389.JPG,tomato
160222-4-0394.JPG,tomato
160222-4-0396.JPG,tomato
160222-4-0398.JPG,tomato
160222-4-0399.JPG,tomato
160222-4-0401.JPG,tomato
160222-4-0402.JPG,tomato
160222-4-0403.JPG,tomato
160222-4-0404.JPG,tomato
160222-4-0405.JPG,tomato
160222-4-0414.JPG,tomato
160222-4-0416.JPG,tomato
160222-4-0417.JPG,tomato
160222-4-0419.JPG,tomato
160222-4-0420.JPG,tomato
160222-4-0421.JPG,tomato
160222-4-0423.JPG,tomato
160222-4-0424.JPG,tomato
160222-4-0425.JPG,tomato
160222-4-0426.JPG,tomato
160222-4-0427.JPG,tomato
160222-4-0428.JPG,tomato
160222-4-0431.JPG,tomato
160222-4-0433.JPG,tomato
160222-4-0434.JPG,tomato
160222-4-0435.JPG,tomato
160222-4-0437.JPG,tomato
160222-4-0438.JPG,tomato
160222-4-0439.JPG,tomato
160222-4-0442.JPG,tomato
160222-4-0443.JPG,tomato
160222-4-0444.JPG,tomato
160222-4-0446.JPG,tomato
160222-4-0447.JPG,tomato
160222-4-0450.JPG,tomato
160222-4-0451.JPG,tomato
160222-4-0453.JPG,corn
160222-4-0454.JPG,tomato
160222-4-0457.JPG,tomato
160222-4-0458.JPG,tomato
160222-4-0460.JPG,tomato
160222-4-0463.JPG,guava
160222-4-0464.JPG,tomato
160222-4-0466.JPG,tomato
160222-4-0469.JPG,rice
160222-4-0472.JPG,tomato
160222-4-0473.JPG,tomato
160222-4-0474.JPG,tomato
160222-4-0475.JPG,tomato
160222-4-0477.JPG,tomato
160222-4-0480.JPG,tomato
160222-4-0481.JPG,tomato
160222-4-0482.JPG,tomato
160222-4-0483.JPG,tomato
160222-4-0484.JPG,tomato
160222-4-0485.JPG,tomato
160222-4-0486.JPG,tomato
160222-4-0487.JPG,tomato
160222-4-0489.JPG,tomato
160222-4-0492.JPG,tomato
160222-4-0494.JPG,tomato
160222-4-0495.JPG,tomato
160222-4-0496.JPG,tomato
160222-4-0498.JPG,tomato
160222-4-0499.JPG,tomato
160222-4-0501.JPG,tomato
160222-4-0503.JPG,tomato
160222-4-0505.JPG,tomato
160222-4-0506.JPG,tomato
160222-4-0507.JPG,tomato
160222-4-0508.JPG,tomato
160222-4-0509.JPG,tomato
160222-4-0513.JPG,tomato
160222-4-0516.JPG,tomato
160222-4-0517.JPG,tomato
160222-4-0518.JPG,tomato
160222-4-0522.JPG,tomato
160223-3-0001.JPG,tomato
160223-3-0003.JPG,tomato
160223-3-0004.JPG,tomato
160223-3-0005.JPG,tomato
160223-3-0007.JPG,tomato
160223-3-0008.JPG,tomato
160223-3-0009.JPG,tomato
160223-3-0012.JPG,tomato
160223-3-0013.JPG,tomato
160223-3-0015.JPG,tomato
160223-3-0016.JPG,tomato
160223-3-0017.JPG,tomato
160223-3-0018.JPG,tomato
160223-3-0022.JPG,tomato
160223-3-0023.JPG,tomato
160223-3-0028.JPG,tomato
160223-3-0031.JPG,tomato
160223-3-0032.JPG,tomato
160223-3-0040.JPG,tomato
160223-3-0044.JPG,tomato
160223-3-0045.JPG,tomato
160223-3-0050.JPG,tomato
160223-3-0056.JPG,tomato
160223-3-0063.JPG,tomato
160223-3-0064.JPG,tomato
160223-3-0065.JPG,corn
160223-3-0067.JPG,tomato
160223-3-0070.JPG,tomato
160223-3-0075.JPG,tomato
160223-3-0080.JPG,tomato
160223-3-0082.JPG,tomato
160223-3-0083.JPG,tomato
160223-3-0084.JPG,tomato
160223-3-0086.JPG,tomato
160223-3-0088.JPG,tomato
160223-3-0091.JPG,tomato
160223-3-0092.JPG,tomato
160223-3-0093.JPG,tomato
160223-3-0094.JPG,tomato
160223-3-0095.JPG,tomato
160223-3-0098.JPG,tomato
160223-3-0099.JPG,tomato
160223-3-0100.JPG,tomato
160223-3-0101.JPG,tomato
160223-3-0108.JPG,tomato
160223-3-0113.JPG,tomato
160223-3-0114.JPG,tomato
160223-3-0115.JPG,tomato
160223-3-0116.JPG,tomato
160223-3-0117.JPG,tomato
160223-3-0118.JPG,tomato
160223-3-0119.JPG,tomato
160223-3-0120.JPG,tomato
160223-3-0121.JPG,tomato
160223-3-0122.JPG,tomato
160223-3-0123.JPG,tomato
160223-3-0124.JPG,guava
160223-3-0125.JPG,tomato
160223-3-0128.JPG,tomato
160223-3-0131.JPG,tomato
160223-3-0136.JPG,tomato
160223-3-0138.JPG,tomato
160223-3-0139.JPG,tomato
160223-3-0140.JPG,tomato
160223-3-0143.JPG,tomato
160223-3-0144.JPG,tomato
160223-3-0147.JPG,tomato
160223-3-0148.JPG,tomato
160223-3-0150.JPG,tomato
160223-3-0151.JPG,tomato
160223-3-0152.JPG,garlic
160223-3-0154.JPG,tomato
160223-3-0155.JPG,tomato
160223-3-0156.JPG,tomato
160223-3-0160.JPG,tomato
160223-3-0166.JPG,tomato
160223-3-0168.JPG,tomato
160223-3-0169.JPG,tomato
160223-3-0175.JPG,tomato
160223-3-0176.JPG,tomato
160223-3-0177.JPG,corn
160223-3-0181.JPG,tomato
160223-3-0182.JPG,peanut
160223-3-0185.JPG,tomato
160223-3-0186.JPG,tomato
160223-3-0187.JPG,tomato
160223-3-0189.JPG,tomato
160223-3-0190.JPG,tomato
160223-3-0192.JPG,tomato
160223-3-0193.JPG,tomato
160223-3-0194.JPG,tomato
160223-3-0223.JPG,tomato
160223-3-0226.JPG,tomato
160223-3-0235.JPG,tomato
160223-3-0236.JPG,tomato
160223-3-0237.JPG,tomato
160223-3-0246.JPG,tomato
160223-3-0249.JPG,tomato
160223-3-0253.JPG,tomato
160223-3-0254.JPG,tomato
160223-3-0255.JPG,tomato
160223-3-0258.JPG,tomato
160223-3-0260.JPG,tomato
160223-3-0261.JPG,tomato
160223-3-0263.JPG,tomato
160223-3-0264.JPG,tomato
160223-3-0265.JPG,tomato
160223-3-0266.JPG,tomato
160223-3-0268.JPG,tomato
160223-3-0271.JPG,tomato
160223-3-0273.JPG,banana
160223-3-0274.JPG,pumpkin
160223-3-0277.JPG,tomato
160223-3-0278.JPG,tomato
160223-3-0279.JPG,tomato
160223-3-0280.JPG,tomato
160223-3-0281.JPG,tomato
160223-3-0282.JPG,tomato
160223-3-0285.JPG,tomato
160223-3-0286.JPG,carrot
160223-3-0287.JPG,tomato
160223-3-0288.JPG,tomato
160223-3-0289.JPG,tomato
160223-3-0290.JPG,tomato
160223-3-0291.JPG,tomato
160223-3-0292.JPG,tomato
160223-3-0293.JPG,tomato
160223-3-0296.JPG,tomato
160223-3-0298.JPG,garlic
160223-3-0299.JPG,tomato
160223-3-0303.JPG,tomato
160223-3-0305.JPG,tomato
160223-3-0307.JPG,tomato
160223-3-0315.JPG,tomato
160223-3-0316.JPG,tomato
160223-3-0317.JPG,tomato
160223-3-0320.JPG,tomato
160223-3-0323.JPG,tomato
160223-3-0327.JPG,tomato
160223-3-0332.JPG,tomato
160223-3-0336.JPG,tomato
160223-3-0338.JPG,tomato
160223-3-0351.JPG,tomato
160223-3-0380.JPG,tomato
160223-3-0383.JPG,tomato
160223-3-0399.JPG,tomato
160223-3-0427.JPG,tomato
160223-4-0454.JPG,tomato
160223-4-0576.JPG,tomato
160224-2-0752.JPG,tomato
160224-2-0891.JPG,tomato
160224-4-0505.JPG,tomato
160224-4-0541.JPG,tomato
160224-4-0556.JPG,tomato
160224-4-0615.JPG,tomato
160224-4-0655.JPG,tomato
160302-3-0405.JPG,tomato
160302-3-0719.JPG,tomato
160302-4-0355.JPG,tomato
160302-4-0357.JPG,tomato
160302-4-0358.JPG,peanut
160302-4-0359.JPG,tomato
160302-4-0360.JPG,tomato
160302-4-0377.JPG,tomato
160303-3-0052.JPG,tomato
160303-3-0133.JPG,tomato
160303-3-0290.JPG,tomato
160303-4-0137.JPG,tomato
160303-4-0145.JPG,tomato
160303-4-0146.JPG,tomato
160303-4-0176.JPG,tomato
160303-4-0177.JPG,tomato
160303-4-0272.JPG,tomato
160303-4-0273.JPG,tomato
160303-4-0344.JPG,tomato
160303-4-0356.JPG,tomato
160303-4-0369.JPG,tomato
160303-4-0370.JPG,tomato
160303-4-0371.JPG,tomato
160303-4-0372.JPG,tomato
160303-4-0537.JPG,tomato
160313-1-0395.JPG,tomato
160316-3-0922.JPG,tomato
160322-2-0214.JPG,tomato
160322-2-0447.JPG,rice
160402-1-0652.JPG,tomato
160512-2-0127.JPG,tomato
160512-2-0172.JPG,tomato
160512-2-0810.JPG,tomato
160512-2-0955.JPG,tomato
160512-4-0464.JPG,tomato
160513-2-0049.JPG,tomato
160513-2-0391.JPG,tomato
160513-2-0434.JPG,tomato
160513-3-0025.JPG,tomato
160513-3-0070.JPG,tomato
160513-3-0138.JPG,tomato
160513-3-0489.JPG,tomato
160513-4-0232.JPG,bareland
160513-4-0516.JPG,tomato
160515-1-0456.JPG,tomato
160517-1-0035.JPG,tomato
160517-1-0047.JPG,tomato
160521-4-0298.JPG,bareland
160526-1-0001.JPG,tomato
160526-1-0004.JPG,tomato
160526-1-0013.JPG,tomato
160526-1-0052.JPG,tomato
160526-1-0062.JPG,tomato
160526-1-0069.JPG,tomato
160526-1-0072.JPG,tomato
160526-1-0073.JPG,tomato
160526-1-0144.JPG,tomato
160526-1-0145.JPG,tomato
160526-1-0151.JPG,tomato
160526-1-0163.JPG,tomato
160526-1-0194.JPG,tomato
160526-1-0221.JPG,tomato
160526-1-0259.JPG,tomato
160526-1-0613.JPG,tomato
160528-3-0158.JPG,tomato
160531-2-0068.JPG,tomato
160531-2-0137.JPG,tomato
160531-2-0366.JPG,tomato
160531-2-0479.JPG,tomato
160531-2-0490.JPG,tomato
160604-3-0221.JPG,tomato
160604-3-0222.JPG,tomato
160604-3-0835.JPG,tomato
160605-4-0427.JPG,tomato
160706-3-0134.JPG,tomato
160727-2-0010.JPG,bareland
160727-2-0011.JPG,tomato
160727-2-0104.JPG,tomato
160728-2-0091.JPG,tomato
160728-2-0142.JPG,tomato
160728-2-0143.JPG,tomato
160728-2-0151.JPG,tomato
160728-2-0152.JPG,tomato
160728-2-0153.JPG,tomato
160728-2-0312.JPG,tomato
160729-2-0185.JPG,tomato
160811-2-0039.JPG,tomato
160922-1-0140.JPG,tomato
160922-4-0003.JPG,tomato
160924-3-0410.JPG,tomato
160926-2-0111.JPG,tomato
160926-2-0332.JPG,tomato
160926-2-0373.JPG,tomato
161012-1-0255.JPG,tomato
161019-2-0185.JPG,tomato
161020-1-0255.JPG,tomato
161020-1-0260.JPG,tomato
161024-1-0702.JPG,tomato
161029-3-0011.JPG,tomato
161029-3-0139.JPG,tomato
161029-3-0223.JPG,tomato
161029-3-0259.JPG,tomato
161029-3-0271.JPG,tomato
161029-3-0272.JPG,tomato
161029-3-0297.JPG,tomato
161029-3-0313.JPG,tomato
161029-3-0330.JPG,pineapple
161029-3-0344.JPG,tomato
161029-3-0353.JPG,tomato
161029-3-0378.JPG,pineapple
161029-4-0325.JPG,tomato
161029-4-0388.JPG,tomato
161029-4-0506.JPG,tomato
161029-4-0517.JPG,tomato
161103-1-0004.JPG,tomato
161103-1-0005.JPG,tomato
161103-1-0012.JPG,tomato
161103-1-0080.JPG,bareland
161103-1-0085.JPG,tomato
161205-3-0335.JPG,tomato
161205-3-0854.JPG,tomato
161205-3-0855.JPG,tomato
161205-3-0867.JPG,tomato
161206-2-0038.JPG,tomato
161206-2-0163.JPG,tomato
161206-2-0164.JPG,tomato
161206-2-0268.JPG,tomato
161206-2-0713.JPG,tomato
161206-2-1054.JPG,tomato
161207-1-0087.JPG,tomato
161207-1-0161.JPG,tomato
161207-2-0400.JPG,tomato
161207-2-0418.JPG,tomato
161207-2-0802.JPG,tomato
161211-1-0155.JPG,tomato
161211-1-0425.JPG,tomato
161212-1-0285.JPG,tomato
161212-1-0286.JPG,tomato
161212-1-0287.JPG,tomato
161212-1-0356.JPG,tomato
20161207-4-0318.JPG,tomato
20161207-4-0506.JPG,garlic
20161207-4-0510.JPG,tomato
20161208-3-0017.JPG,tomato
20161208-4-0124.JPG,tomato
20161208-4-0243.JPG,tomato
20161209-4-0134.JPG,tomato
20161210-3-0213.JPG,tomato
20161212-3-0117.JPG,tomato
20161212-3-0158.JPG,tomato
20161212-3-0193.JPG,tomato
20161212-3-0253.JPG,tomato
20161212-3-0359.JPG,tomato
20161212-3-0457.JPG,tomato
20161212-3-0702.JPG,soybean
20161212-3-0742.JPG,sugarcane
20161212-3-0772.JPG,tomato
20161213-3-0328.JPG,tomato
20170120-1-0295.JPG,tomato
20170120-1-0317.JPG,tomato
20170120-1-0318.JPG,tomato
20170120-1-0413.JPG,tomato
20170120-1-0541.JPG,tomato
20170121-3-0406.JPG,bareland
20170122-1-0071.JPG,tomato
20170122-1-0502.JPG,soybean
20170122-3-0028.JPG,tomato
20170122-3-0138.JPG,tomato
20170122-3-0184.JPG,tomato
20170122-3-0218.JPG,tomato
20170122-3-0232.JPG,banana
20170122-3-0233.JPG,tomato
20170122-3-0291.JPG,tomato
20170122-3-0292.JPG,tomato
20170122-3-0310.JPG,tomato
20170122-3-0316.JPG,tomato
20170122-3-0334.JPG,tomato
20170122-3-0337.JPG,tomato
20170122-3-0361.JPG,tomato
20170122-3-0363.JPG,tomato
20170122-3-0379.JPG,tomato
20170122-3-0391.JPG,tomato
20170122-3-0401.JPG,tomato
20170122-3-0404.JPG,tomato
20170122-3-0438.JPG,tomato
20170122-3-0448.JPG,tomato
20170122-3-0460.JPG,tomato
20170122-3-0477.JPG,tomato
20170122-3-0480.JPG,tomato
20170122-3-0501.JPG,tomato
20170122-3-0527.JPG,tomato
20170122-3-0528.JPG,tomato
20170122-3-0532.JPG,tomato
20170122-3-0576.JPG,tomato
20170123-2-0198.JPG,tomato
20170124-1-0434.JPG,tomato
20170124-2-0107.JPG,tomato
20170124-2-0125.JPG,tomato
20170124-2-0185.JPG,tomato
20170124-2-0195.JPG,tomato
20170124-2-0249.JPG,tomato
20170124-2-0292.JPG,tomato
20170124-2-0309.JPG,tomato
20170124-2-0315.JPG,tomato
20170124-2-0317.JPG,tomato
20170124-2-0318.JPG,tomato
20170124-2-0330.JPG,tomato
20170124-2-0334.JPG,tomato
20170124-2-0337.JPG,tomato
20170124-2-0342.JPG,tomato
20170124-2-0375.JPG,tomato
20170124-2-0383.JPG,tomato
20170124-2-0417.JPG,tomato
20170124-2-0425.JPG,rice
20170124-2-0429.JPG,dragonfruit
20170124-2-0490.JPG,tomato
20170124-2-0501.JPG,tomato
20170203-1-0032.JPG,tomato
20170203-1-0092.JPG,tomato
20170203-1-0093.JPG,tomato
20170203-1-0208.JPG,tomato
20170203-1-0372.JPG,peanut
20170205-1-0325.JPG,tomato
20170205-1-0423.JPG,tomato
20170205-1-0551.JPG,tomato
20170205-1-0559.JPG,tomato
20170205-1-0560.JPG,tomato
20170206-1-0038.JPG,tomato
20170206-2-0344.JPG,tomato
20170206-3-0031.JPG,tomato
20170206-3-0039.JPG,tomato
20170206-3-0100.JPG,tomato
20170206-3-0417.JPG,tomato
20170206-3-0424.JPG,tomato
20170213-1-0034.JPG,tomato
20170213-1-0080.JPG,guava
20170214-3-0089.JPG,tomato
20170214-4-0006.JPG,tomato
20170214-4-0011.JPG,tomato
20170214-4-0064.JPG,tomato
20170214-4-0099.JPG,tomato
20170214-4-0106.JPG,tomato
20170214-4-0160.JPG,pineapple
20170214-4-0181.JPG,tomato
20170214-4-0261.JPG,tomato
20170214-4-0301.JPG,tomato
20170214-4-0302.JPG,tomato
20170214-4-0320.JPG,tomato
20170214-4-0322.JPG,tomato
20170214-4-0346.JPG,tomato
20170214-4-0356.JPG,tomato
20170214-4-0377.JPG,tomato
20170214-4-0388.JPG,tomato
20170214-4-0488.JPG,corn
20170214-4-0494.JPG,sugarcane
20170214-4-0517.JPG,banana
20170215-2-0084.JPG,tomato
20170215-2-1138.JPG,tomato
20170215-3-0155.JPG,bareland
20170216-3-0023.JPG,dragonfruit
20170216-3-0165.JPG,tomato
20170216-3-0420.JPG,tomato
20170217-3-0195.JPG,tomato
20170217-3-0451.JPG,tomato
20170217-4-0251.JPG,tomato
20170220-1-0102.JPG,tomato
20170220-1-0269.JPG,tomato
20170220-1-0283.JPG,tomato
20170220-1-0317.JPG,tomato
20170220-1-0564.JPG,tomato
20170220-3-0425.JPG,tomato
20170220-3-0462.JPG,tomato
20170220-3-0543.JPG,tomato
20170220-3-0589.JPG,tomato
20170220-3-0770.JPG,tomato
20170220-3-0840.JPG,tomato
20170221-1-0096.JPG,tomato
20170221-1-0385.JPG,tomato
20170221-3-0008.JPG,bareland
20170221-3-0054.JPG,corn
20170221-3-0297.JPG,tomato
20170221-3-0405.JPG,tomato
20170221-3-0600.JPG,tomato
20170221-3-0751.JPG,tomato
20170222-1-0305.JPG,tomato
20170224-4-0008.JPG,pineapple
20170224-4-0181.JPG,tomato
20170224-4-0257.JPG,tomato
20170224-4-0417.JPG,tomato
20170224-4-0435.JPG,tomato
20170301-4-0306.JPG,tomato
20170301-4-0454.JPG,tomato
20170305-1-0061.JPG,tomato
20170309-2-0037.JPG,tomato
20170309-2-0095.JPG,tomato
20170309-2-0097.JPG,tomato
20170309-2-0098.JPG,tomato
20170309-3-0044.JPG,tomato
20170309-3-0254.JPG,tomato
20170309-3-0335.JPG,tomato
20170309-3-0390.JPG,tomato
20170309-3-0422.JPG,banana
20170309-3-0427.JPG,tomato
20170309-3-0472.JPG,tomato
20170309-3-0479.JPG,tomato
20170309-3-0490.JPG,tomato
20170309-3-0493.JPG,tomato
20170309-3-0518.JPG,tomato
20170309-3-0551.JPG,tomato
20170310-3-0132.JPG,tomato
20170314-4-0110.JPG,tomato
20170314-4-0331.JPG,tomato
20170314-4-0376.JPG,tomato
20170314-4-0467.JPG,bareland
20170314-4-0468.JPG,tomato
20170314-4-0518.JPG,tomato
20170316-3-0081.JPG,tomato
20170316-3-0085.JPG,tomato
20170316-3-0101.JPG,tomato
20170316-3-0149.JPG,tomato
20170316-3-0155.JPG,tomato
20170319-2-0041.JPG,tomato
20170319-2-0134.JPG,tomato
20170319-2-0200.JPG,tomato
20170319-2-0204.JPG,tomato
20170319-2-0264.JPG,tomato
20170319-2-0266.JPG,rice
20170319-2-0281.JPG,tomato
20170319-2-0308.JPG,tomato
20170319-2-0340.JPG,tomato
20170319-2-0374.JPG,tomato
20170319-2-0381.JPG,tomato
20170319-2-0382.JPG,tomato
20170319-2-0383.JPG,tomato
20170319-2-0384.JPG,tomato
20170320-2-0107.JPG,tomato
20170320-2-0108.JPG,tomato
20170320-2-0109.JPG,banana
20170320-2-0160.JPG,tomato
20170321-1-0282.JPG,tomato
20170321-1-0283.JPG,tomato
20170321-1-0310.JPG,tomato
20170321-1-0312.JPG,tomato
20170321-1-0319.JPG,dragonfruit
20170321-1-0325.JPG,tomato
20170321-1-0326.JPG,tomato
20170321-1-0363.JPG,tomato
20170321-1-0427.JPG,tomato
20170321-1-0428.JPG,tomato
20170321-1-0429.JPG,tomato
20170322-1-0081.JPG,tomato
20170322-1-0101.JPG,tomato
20170324-2-0362.JPG,tomato
20170324-2-0536.JPG,tomato
20170328-2-0525.JPG,tomato
20170328-2-0674.JPG,tomato
20170328-2-0705.JPG,bareland
20170328-2-0710.JPG,dragonfruit
20170328-2-0724.JPG,tomato
20170328-2-0963.JPG,bareland
20170328-2-0984.JPG,tomato
20170328-2-1016.JPG,tomato
20170328-2-1027.JPG,tomato
20170328-2-1034.JPG,tomato
20170328-3-0168.JPG,tomato
20170328-4-0166.JPG,tomato
20170328-4-0170.JPG,tomato
20170328-4-0396.JPG,tomato
20170328-4-0510.JPG,tomato
20170328-4-0608.JPG,tomato
20170328-4-0812.JPG,tomato
20170328-4-0874.JPG,tomato
20170328-4-1076.JPG,tomato
20170329-2-0025.JPG,tomato
20170329-2-0072.JPG,tomato
20170329-2-0076.JPG,tomato
20170329-2-0078.JPG,tomato
20170329-2-0099.JPG,tomato
20170329-2-0212.JPG,tomato
20170329-3-0038.JPG,tomato
20170329-3-0256.JPG,tomato
20170329-3-0452.JPG,tomato
20170329-3-0458.JPG,tomato
20170329-3-0836.JPG,tomato
20170329-3-0883.JPG,tomato
20170329-3-0885.JPG,pumpkin
20170329-3-0888.JPG,tomato
20170329-3-0930.JPG,tomato
20170329-3-1076.JPG,tomato
20170329-4-0130.JPG,rice
20170329-4-0206.JPG,tomato
20170329-4-0266.JPG,tomato
20170330-4-0525.JPG,tomato
20170330-4-0747.JPG,tomato
20170330-4-0748.JPG,tomato
20170331-2-0023.JPG,tomato
20170331-2-0380.JPG,tomato
20170331-2-0536.JPG,tomato
20170331-2-0564.JPG,tomato
20170331-2-0629.JPG,tomato
20170403-1-0675.JPG,tomato
20170404-1-0514.JPG,bareland
20170404-1-0515.JPG,tomato
20170404-1-0570.JPG,tomato
20170405-3-0202.JPG,tomato
20170406-2-0018.JPG,tomato
20170406-2-0037.JPG,tomato
20170406-2-0049.JPG,tomato
20170406-2-0054.JPG,tomato
20170406-2-0150.JPG,tomato
20170406-2-0169.JPG,tomato
20170406-2-0175.JPG,tomato
20170406-2-0182.JPG,rice
20170406-2-0186.JPG,tomato
20170406-2-0230.JPG,tomato
20170406-2-0259.JPG,tomato
20170406-2-0261.JPG,tomato
20170406-2-0296.JPG,tomato
20170406-2-0299.JPG,tomato
20170406-2-0313.JPG,tomato
20170406-2-0387.JPG,tomato
20170406-2-0388.JPG,tomato
20170406-2-0426.JPG,tomato
20170406-2-0614.JPG,tomato
20170406-2-0642.JPG,tomato
20170406-2-0872.JPG,tomato
20170406-2-0902.JPG,tomato
20170409-1-0455.JPG,tomato
20170409-1-0481.JPG,tomato
20170411-2-0757.JPG,tomato
20170411-4-0074.JPG,tomato
20170411-4-0150.JPG,tomato
20170412-2-0045.JPG,tomato
20170412-2-0071.JPG,tomato
20170412-2-0187.JPG,tomato
20170412-2-0405.JPG,tomato
20170412-2-0538.JPG,tomato
20170412-2-0575.JPG,tomato
20170412-2-0577.JPG,tomato
20170412-2-0579.JPG,tomato
20170412-2-0606.JPG,tomato
20170412-2-0752.JPG,bareland
20170412-3-0421.JPG,tomato
20170413-2-0084.JPG,rice
20170413-2-0439.JPG,tomato
20170413-2-0653.JPG,tomato
20170413-2-0718.JPG,tomato
20170413-2-0829.JPG,tomato
20170413-2-0834.JPG,tomato
20170414-2-0008.JPG,tomato
20170414-2-0375.JPG,tomato
20170414-2-0414.JPG,tomato
20170414-2-0457.JPG,tomato
20170414-2-0470.JPG,tomato
20170414-2-0502.JPG,tomato
20170414-2-0532.JPG,tomato
20170414-2-0537.JPG,tomato
20170414-2-0549.JPG,tomato
20170417-4-0635.JPG,tomato
20170417-4-0786.JPG,tomato
20170419-1-0483.JPG,tomato
20170419-1-0568.JPG,tomato
20170419-4-0675.JPG,tomato
20170421-2-0129.JPG,rice
20170425-3-0873.JPG,soybean
20170425-4-0194.JPG,tomato
20170429-3-0132.JPG,tomato
20170429-3-0462.JPG,tomato
20170430-1-0400.JPG,tomato
20170502-2-0113.JPG,tomato
20170503-2-0631.JPG,tomato
20170503-2-0814.JPG,tomato
20170505-2-0111.JPG,tomato
20170509-4-0220.JPG,tomato
20170509-4-0298.JPG,tomato
20170509-4-0344.JPG,tomato
20170509-4-0364.JPG,tomato
20170509-4-0413.JPG,tomato
20170509-4-0469.JPG,tomato
20170509-4-0534.JPG,tomato
20170511-4-0061.JPG,tomato
20170511-4-0263.JPG,tomato
20170512-2-0329.JPG,tomato
20170512-2-0348.JPG,tomato
20170512-2-0368.JPG,tomato
20170512-2-0430.JPG,tomato
20170512-2-0463.JPG,tomato
20170512-2-0467.JPG,tomato
20170512-2-0509.JPG,tomato
20170512-2-0540.JPG,tomato
20170512-2-0541.JPG,tomato
20170519-4-0054.JPG,bareland
20170519-4-0360.JPG,tomato
20170519-4-0494.JPG,tomato
20170520-4-0027.JPG,tomato
20170520-4-0043.JPG,tomato
20170520-4-0046.JPG,tomato
20170520-4-0118.JPG,tomato
20170520-4-0263.JPG,tomato
20170601-3-0840.JPG,tomato
20170601-3-0848.JPG,bareland
20170608-3-0692.JPG,tomato
20170611-1-0022.JPG,tomato
20170628-2-0120.JPG,tomato
20170628-2-0123.JPG,pumpkin
20170628-2-0126.JPG,tomato
20170628-2-0127.JPG,tomato
20170628-2-0159.JPG,tomato
20170628-2-0185.JPG,tomato
20170628-2-0186.JPG,tomato
20170628-2-0303.JPG,tomato
20170628-2-0304.JPG,tomato
20170628-2-0493.JPG,tomato
20170628-2-0531.JPG,tomato
20170628-2-0535.JPG,tomato
20170628-2-0536.JPG,tomato
20170629-2-0602.JPG,tomato
20170804-3-0127.JPG,corn
20170903-1-0327.JPG,tomato
20170904-1-0401.JPG,tomato
20170907-4-0080.JPG,tomato
20170919-2-0897.JPG,tomato
20170919-2-0950.JPG,rice
20170920-2-0335.JPG,tomato
20170920-2-0648.JPG,tomato
20170920-2-0657.JPG,tomato
20170920-2-0786.JPG,tomato
20170920-2-0923.JPG,tomato
20170920-2-0927.JPG,tomato
20170920-2-0933.JPG,tomato
20170920-2-0939.JPG,tomato
20170920-2-1035.JPG,tomato
20170920-2-1103.JPG,tomato
20170920-2-1163.JPG,tomato
20170920-2-1174.JPG,rice
20170920-2-1205.JPG,tomato
20170920-2-1214.JPG,tomato
20170929-1-0036.JPG,tomato
20170929-3-0552.JPG,tomato
20170930-3-0052.JPG,tomato
20170930-3-0133.JPG,tomato
20170930-3-0478.JPG,tomato
20170930-4-0265.JPG,tomato
20171001-1-0261.JPG,tomato
20171005-2-0725.JPG,tomato
20171005-2-0756.JPG,tomato
20171006-1-0209.JPG,tomato
20171006-2-1076.JPG,tomato
20171008-1-0041.JPG,tomato
20171008-1-0542.JPG,banana
20171010-1-0007.JPG,tomato
20171010-1-0008.JPG,tomato
20171010-1-0009.JPG,tomato
20171010-1-0026.JPG,tomato
20171010-1-0027.JPG,tomato
20171010-1-0028.JPG,tomato
20171010-1-0299.JPG,carrot
20171010-1-0300.JPG,carrot
20171011-1-0442.JPG,tomato
20171011-1-0463.JPG,tomato
20171011-1-0518.JPG,tomato
20171011-3-0050.JPG,tomato
20171011-3-0061.JPG,tomato
20171011-4-0322.JPG,tomato
20171012-3-0271.JPG,tomato
20171012-4-0026.JPG,tomato
20171012-4-0134.JPG,garlic
20171012-4-0146.JPG,pineapple
20171012-4-0249.JPG,tomato
20171012-4-0452.JPG,tomato
20171018-3-0001.JPG,tomato
20171018-3-0002.JPG,rice
20171018-3-0005.JPG,tomato
20171018-3-0017.JPG,garlic
20171018-3-0019.JPG,tomato
20171018-3-0023.JPG,tomato
20171018-3-0035.JPG,tomato
20171018-3-0036.JPG,tomato
20171018-3-0061.JPG,tomato
20171018-3-0063.JPG,tomato
20171018-3-0067.JPG,tomato
20171018-3-0068.JPG,tomato
20171018-3-0069.JPG,tomato
20171018-3-0071.JPG,tomato
20171018-3-0073.JPG,tomato
20171018-3-0079.JPG,dragonfruit
20171018-3-0095.JPG,tomato
20171018-3-0106.JPG,tomato
20171018-3-0114.JPG,tomato
20171018-3-0116.JPG,tomato
20171018-3-0117.JPG,tomato
20171018-3-0118.JPG,tomato
20171018-3-0120.JPG,tomato
20171018-3-0129.JPG,tomato
20171018-3-0131.JPG,tomato
20171018-3-0139.JPG,tomato
20171018-3-0140.JPG,tomato
20171018-3-0147.JPG,tomato
20171018-3-0148.JPG,tomato
20171018-3-0185.JPG,tomato
20171018-3-0188.JPG,tomato
20171018-3-0191.JPG,tomato
20171018-3-0210.JPG,tomato
20171018-3-0215.JPG,tomato
20171018-3-0229.JPG,tomato
20171018-3-0245.JPG,tomato
20171018-3-0255.JPG,tomato
20171018-3-0260.JPG,tomato
20171018-3-0272.JPG,tomato
20171018-3-0273.JPG,tomato
20171018-3-0274.JPG,tomato
20171018-3-0277.JPG,tomato
20171018-3-0280.JPG,tomato
20171018-3-0282.JPG,tomato
20171018-3-0288.JPG,tomato
20171018-3-0300.JPG,tomato
20171018-3-0332.JPG,tomato
20171018-3-0333.JPG,tomato
20171018-3-0338.JPG,tomato
20171018-3-0339.JPG,pineapple
20171018-3-0359.JPG,tomato
20171018-3-0372.JPG,tomato
20171018-3-0375.JPG,tomato
20171018-3-0383.JPG,tomato
20171018-3-0385.JPG,bareland
20171018-3-0388.JPG,tomato
20171018-3-0392.JPG,tomato
20171018-3-0400.JPG,tomato
20171018-3-0401.JPG,tomato
20171018-3-0402.JPG,tomato
20171018-3-0406.JPG,tomato
20171018-3-0412.JPG,tomato
20171018-3-0414.JPG,tomato
20171018-3-0417.JPG,tomato
20171018-3-0418.JPG,pineapple
20171018-3-0435.JPG,pineapple
20171018-3-0436.JPG,tomato
20171018-3-0439.JPG,tomato
20171018-3-0440.JPG,tomato
20171018-3-0441.JPG,tomato
20171018-3-0442.JPG,tomato
20171018-3-0443.JPG,tomato
20171018-3-0444.JPG,tomato
20171018-3-0449.JPG,tomato
20171018-3-0454.JPG,tomato
20171018-3-0468.JPG,tomato
20171018-3-0469.JPG,tomato
20171018-3-0470.JPG,tomato
20171018-3-0480.JPG,soybean
20171018-3-0489.JPG,tomato
20171018-3-0490.JPG,tomato
20171018-3-0494.JPG,tomato
20171018-3-0500.JPG,tomato
20171018-3-0501.JPG,tomato
20171018-3-0527.JPG,tomato
20171018-3-0529.JPG,tomato
20171018-3-0533.JPG,tomato
20171018-3-0539.JPG,tomato
20171018-3-0549.JPG,tomato
20171018-3-0552.JPG,tomato
20171018-3-0555.JPG,tomato
20171018-3-0561.JPG,tomato
20171018-3-0568.JPG,tomato
20171018-3-0575.JPG,tomato
20171018-3-0576.JPG,tomato
20171018-3-0581.JPG,tomato
20171018-3-0586.JPG,tomato
20171018-3-0589.JPG,tomato
20171024-3-0111.JPG,tomato
20171024-3-0152.JPG,tomato
20171024-3-0337.JPG,tomato
20171024-3-0358.JPG,tomato
20171024-3-0370.JPG,tomato
20171024-4-0472.JPG,tomato
20171025-2-0215.JPG,tomato
20171025-2-0244.JPG,tomato
20171025-2-0440.JPG,tomato
20171025-2-0829.JPG,tomato
20171025-2-0954.JPG,tomato
20171025-3-0034.JPG,tomato
20171025-3-0341.JPG,tomato
20171025-3-0405.JPG,tomato
20171025-3-0443.JPG,tomato
20171025-3-0692.JPG,tomato
20171025-4-0075.JPG,tomato
20171025-4-0470.JPG,tomato
20171025-4-0572.JPG,tomato
20171025-4-0676.JPG,tomato
20171025-4-0696.JPG,tomato
20171025-4-0699.JPG,tomato
20171025-4-0732.JPG,tomato
20171025-4-0735.JPG,tomato
20171025-4-0834.JPG,tomato
20171026-2-0758.JPG,tomato
20171027-2-0085.JPG,tomato
20171027-2-0197.JPG,tomato
20171027-2-0231.JPG,tomato
20171027-2-0242.JPG,tomato
20171027-2-0312.JPG,tomato
20171027-2-0484.JPG,tomato
20171027-2-0593.JPG,tomato
20171027-2-0877.JPG,tomato
20171027-2-0911.JPG,tomato
20171027-2-0944.JPG,tomato
20171027-2-0988.JPG,tomato
20171027-2-1010.JPG,pumpkin
20171028-2-0017.JPG,bareland
20171028-2-0258.JPG,tomato
20171028-2-0423.JPG,tomato
20171028-2-0437.JPG,tomato
20171028-2-0458.JPG,tomato
20171028-2-0530.JPG,tomato
20171028-2-0536.JPG,tomato
20171028-3-0637.JPG,tomato
20171030-2-0159.JPG,tomato
20171030-2-0167.JPG,tomato
20171030-2-0419.JPG,tomato
20171030-3-0081.JPG,tomato
20171030-4-0180.JPG,tomato
20171030-4-0541.JPG,tomato
20171031-2-0851.JPG,tomato
20171031-2-0874.JPG,tomato
20171031-3-0203.JPG,dragonfruit
20171101-1-0517.JPG,tomato
20171101-2-0090.JPG,tomato
20171101-2-0128.JPG,tomato
20171101-2-0129.JPG,tomato
20171101-2-0228.JPG,tomato
20171101-2-0335.JPG,tomato
20171101-2-0405.JPG,tomato
20171101-2-0520.JPG,tomato
20171101-2-0527.JPG,tomato
20171102-2-0211.JPG,tomato
20171107-1-0457.JPG,tomato
20171107-1-0459.JPG,tomato
20171107-2-0491.JPG,tomato
20171107-2-0608.JPG,tomato
20171107-4-0043.JPG,tomato
20171108-2-0157.JPG,tomato
20171108-2-0867.JPG,tomato
20171108-2-0933.JPG,tomato
20171108-3-0636.JPG,tomato
20171109-2-0700.JPG,tomato
20171110-3-0603.JPG,bareland
20171114-3-0472.JPG,tomato
20171116-4-0675.JPG,tomato
20171116-4-0678.JPG,tomato
20171117-2-0218.JPG,tomato
20171117-2-0317.JPG,tomato
20171117-2-0418.JPG,tomato
20171118-1-0357.JPG,tomato
20171123-1-0418.JPG,tomato
20171123-1-0453.JPG,tomato
20171123-2-0076.JPG,tomato
20171123-2-0255.JPG,tomato
20171123-2-0300.JPG,tomato
20171123-2-0386.JPG,tomato
20171123-2-0589.JPG,tomato
20171123-2-0596.JPG,tomato
20171123-2-0639.JPG,tomato
20171127-2-0009.JPG,tomato
20171127-2-0010.JPG,tomato
20171127-2-0135.JPG,tomato
20171127-2-0621.JPG,tomato
20171127-2-0630.JPG,tomato
20171127-2-0634.JPG,tomato
20171128-1-0344.JPG,tomato
20171128-2-0777.JPG,tomato
20171128-2-0778.JPG,tomato
20171128-2-1012.JPG,tomato
20171129-1-0440.JPG,tomato
20171129-2-0570.JPG,tomato
20171129-2-0763.JPG,tomato
20171129-2-0828.JPG,tomato
20171201-2-0321.JPG,tomato
20171201-2-0590.JPG,tomato
20171201-2-0603.JPG,tomato
20171201-2-0604.JPG,tomato
20171204-2-0295.JPG,tomato
20171204-4-0157.JPG,tomato
20171205-4-0010.JPG,tomato
20171206-4-0272.JPG,tomato
20171206-4-0294.JPG,tomato
20171206-4-0302.JPG,tomato
20171206-4-0309.JPG,tomato
20171206-4-0322.JPG,tomato
20171207-2-0023.JPG,tomato
20171207-2-0038.JPG,tomato
20171207-2-0081.JPG,tomato
20171207-2-0082.JPG,tomato
20171207-2-0096.JPG,tomato
20171207-2-0139.JPG,rice
20171207-2-0155.JPG,tomato
20171207-2-0164.JPG,tomato
20171207-2-0167.JPG,tomato
20171207-2-0193.JPG,tomato
20171207-2-0207.JPG,tomato
20171207-2-0230.JPG,tomato
20171207-2-0254.JPG,tomato
20171207-2-0260.JPG,tomato
20171207-2-0296.JPG,tomato
20171207-2-0308.JPG,tomato
20171207-2-0339.JPG,tomato
20171207-2-0343.JPG,tomato
20171207-2-0344.JPG,tomato
20171207-2-0363.JPG,tomato
20171207-2-0403.JPG,tomato
20171207-4-0371.JPG,tomato
20171207-4-0375.JPG,tomato
20171211-1-0188.JPG,tomato
20171211-1-0289.JPG,tomato
20171211-1-0295.JPG,tomato
20171211-2-0265.JPG,tomato
20171211-2-0478.JPG,tomato
20171211-2-0597.JPG,tomato
20171211-2-0618.JPG,tomato
20171211-2-0656.JPG,tomato
20171211-3-0244.JPG,tomato
20171211-4-0016.JPG,tomato
20171211-4-0018.JPG,tomato
20171211-4-0087.JPG,corn
20171211-4-0485.JPG,tomato
20171212-3-0105.JPG,tomato
20171213-3-0092.JPG,tomato
20171213-3-0093.JPG,tomato
20171213-3-0108.JPG,bareland
20171213-3-0113.JPG,sugarcane
20171213-3-0205.JPG,tomato
20171213-3-0215.JPG,tomato
20171213-3-0216.JPG,tomato
20171213-3-0261.JPG,tomato
20171213-3-0262.JPG,tomato
20171213-3-0276.JPG,tomato
20171213-3-0286.JPG,tomato
20171213-3-0288.JPG,tomato
20171213-3-0332.JPG,tomato
20171213-3-0345.JPG,tomato
20171213-3-0346.JPG,tomato
20171213-3-0381.JPG,tomato
20171213-3-0385.JPG,bareland
20171213-3-0386.JPG,tomato
20171213-3-0396.JPG,tomato
20171213-3-0420.JPG,tomato
20171213-3-0449.JPG,tomato
20171213-3-0543.JPG,tomato
20171213-3-0602.JPG,tomato
20171213-3-0625.JPG,tomato
20171213-4-0107.JPG,tomato
20171213-4-0113.JPG,tomato
20171213-4-0143.JPG,tomato
20171213-4-0144.JPG,tomato
20171213-4-0206.JPG,tomato
20171213-4-0231.JPG,tomato
20171213-4-0238.JPG,bareland
20171213-4-0296.JPG,tomato
20171213-4-0328.JPG,garlic
20171213-4-0349.JPG,tomato
20171213-4-0374.JPG,tomato
20171213-4-0429.JPG,tomato
20171213-4-0435.JPG,corn
20171213-4-0631.JPG,tomato
20171213-4-0634.JPG,tomato
20171215-1-0301.JPG,tomato
20171215-1-0305.JPG,tomato
20171215-1-0458.JPG,tomato
20171217-1-0106.JPG,tomato
20171217-1-0191.JPG,tomato
20180115-1-0048.JPG,tomato
20180115-1-0452.JPG,tomato
20180116-1-0033.JPG,tomato
20180116-1-0411.JPG,bareland
20180116-2-0212.JPG,tomato
20180116-2-0213.JPG,tomato
20180116-2-0350.JPG,tomato
20180117-1-0110.JPG,tomato
20180117-1-0147.JPG,tomato
20180117-1-0558.JPG,tomato
20180117-2-0157.JPG,tomato
20180118-1-0064.JPG,tomato
20180118-2-0116.JPG,tomato
20180118-2-0202.JPG,banana
20180118-2-0281.JPG,tomato
20180119-1-0002.JPG,bareland
20180119-1-0024.JPG,tomato
20180119-1-0133.JPG,tomato
20180119-1-0139.JPG,tomato
20180119-1-0174.JPG,tomato
20180119-1-0240.JPG,tomato
20180119-1-0245.JPG,tomato
20180119-1-0259.JPG,tomato
20180119-1-0341.JPG,tomato
20180119-1-0414.JPG,tomato
20180119-1-0468.JPG,tomato
20180119-2-0004.JPG,tomato
20180119-2-0019.JPG,tomato
20180119-2-0021.JPG,tomato
20180119-2-0052.JPG,tomato
20180119-2-0054.JPG,tomato
20180119-2-0099.JPG,bareland
20180119-2-0106.JPG,tomato
20180119-2-0113.JPG,tomato
20180119-2-0138.JPG,tomato
20180119-2-0213.JPG,tomato
20180119-2-0284.JPG,banana
20180119-2-0304.JPG,tomato
20180119-2-0318.JPG,tomato
20180119-2-0325.JPG,tomato
20180119-2-0377.JPG,tomato
20180119-2-0407.JPG,tomato
20180120-1-0149.JPG,tomato
20180120-1-0268.JPG,tomato
20180120-1-0355.JPG,tomato
20180120-1-0381.JPG,tomato
20180120-1-0418.JPG,tomato
20180120-1-0440.JPG,tomato
20180125-1-0003.JPG,garlic
20180125-2-0056.JPG,tomato
20180125-3-0414.JPG,tomato
20180125-4-0670.JPG,tomato
20180126-4-0014.JPG,tomato
20180126-4-0088.JPG,tomato
20180126-4-0160.JPG,tomato
20180126-4-0164.JPG,tomato
20180126-4-0176.JPG,tomato
20180126-4-0200.JPG,tomato
20180126-4-0221.JPG,tomato
20180126-4-0501.JPG,tomato
20180126-4-0656.JPG,tomato
20180127-1-0086.JPG,tomato
20180127-1-0110.JPG,tomato
20180127-1-0143.JPG,bareland
20180127-1-0146.JPG,sugarcane
20180127-1-0158.JPG,tomato
20180127-1-0230.JPG,tomato
20180127-1-0240.JPG,tomato
20180127-1-0317.JPG,tomato
20180127-1-0319.JPG,tomato
20180127-1-0356.JPG,tomato
20180128-3-0024.JPG,tomato
20180128-3-0203.JPG,tomato
20180130-4-0122.JPG,tomato
20180130-4-0833.JPG,tomato
20180130-4-0863.JPG,tomato
20180130-4-0864.JPG,tomato
20180202-2-0223.JPG,bareland
20180202-3-0083.JPG,tomato
20180203-2-0017.JPG,tomato
20180203-2-0303.JPG,tomato
20180203-2-0471.JPG,tomato
20180204-1-0319.JPG,tomato
20180204-2-0293.JPG,tomato
20180206-1-0332.JPG,tomato
20180206-2-0049.JPG,tomato
20180206-2-0203.JPG,tomato
20180206-2-0220.JPG,tomato
20180206-2-0221.JPG,tomato
20180206-2-0234.JPG,tomato
20180206-2-0401.JPG,tomato
20180206-2-0513.JPG,tomato
20180206-2-0514.JPG,tomato
20180206-2-0517.JPG,tomato
20180206-2-0563.JPG,tomato
20180206-2-0564.JPG,tomato
20180206-2-0578.JPG,tomato
20180207-4-0423.JPG,banana
20180222-1-0312.JPG,tomato
20180222-2-0210.JPG,tomato
20180224-1-0104.JPG,tomato
20180224-1-0157.JPG,tomato
20180224-1-0408.JPG,tomato
20180225-1-0187.JPG,tomato
20180225-3-0062.JPG,tomato
20180225-3-0113.JPG,tomato
20180225-3-0157.JPG,tomato
20180225-3-0292.JPG,tomato
20180225-3-0403.JPG,tomato
20180225-3-0512.JPG,tomato
20180225-3-0513.JPG,tomato
20180225-3-0602.JPG,tomato
20180227-1-0080.JPG,tomato
20180227-1-0540.JPG,tomato
20180228-1-0063.JPG,bareland
20180228-1-0079.JPG,tomato
20180228-1-0130.JPG,tomato
20180228-1-0180.JPG,tomato
20180228-1-0187.JPG,soybean
20180228-1-0207.JPG,sugarcane
20180228-4-0762.JPG,tomato
20180301-2-0152.JPG,tomato
20180301-2-0274.JPG,tomato
20180301-2-0283.JPG,tomato
20180302-1-0011.JPG,corn
20180302-1-0073.JPG,tomato
20180302-1-0250.JPG,tomato
20180302-1-0401.JPG,tomato
20180302-1-0613.JPG,tomato
20180302-1-0698.JPG,tomato
20180302-1-0919.JPG,tomato
20180308-4-0534.JPG,tomato
20180309-1-0047.JPG,sugarcane
20180309-1-0048.JPG,tomato
20180309-1-0314.JPG,tomato
20180309-1-0336.JPG,tomato
20180309-1-0483.JPG,tomato
20180310-1-0010.JPG,tomato
20180310-1-0019.JPG,tomato
20180310-1-0401.JPG,tomato
20180310-1-0402.JPG,tomato
20180310-2-0325.JPG,tomato
20180314-1-0563.JPG,tomato
20180314-1-0842.JPG,tomato
20180319-3-0380.JPG,tomato
20180321-4-0077.JPG,tomato
20180321-4-0084.JPG,bareland
20180321-4-0258.JPG,tomato
20180321-4-0263.JPG,tomato
20180321-4-0265.JPG,tomato
20180321-4-0495.JPG,tomato
20180322-1-0332.JPG,tomato
20180323-2-0115.JPG,tomato
20180323-2-0168.JPG,tomato
20180323-4-0178.JPG,tomato
20180323-4-0179.JPG,tomato
20180323-4-0180.JPG,tomato
20180323-4-0182.JPG,tomato
20180324-1-0061.JPG,tomato
20180324-1-0363.JPG,tomato
20180327-1-0017.JPG,tomato
20180327-1-0044.JPG,tomato
20180327-1-0058.JPG,tomato
20180327-1-0097.JPG,tomato
20180327-1-0098.JPG,tomato
20180327-1-0124.JPG,tomato
20180327-1-0292.JPG,tomato
20180327-2-0017.JPG,tomato
20180327-2-0217.JPG,tomato
20180327-2-0285.JPG,tomato
20180327-2-0402.JPG,dragonfruit
20180329-2-0141.JPG,tomato
20180329-2-0198.JPG,tomato
20180329-2-0232.JPG,tomato
20180329-2-0256.JPG,tomato
20180329-2-0257.JPG,sugarcane
20180329-2-0293.JPG,tomato
20180329-2-0489.JPG,tomato
20180329-2-0570.JPG,tomato
20180330-1-0149.JPG,tomato
20180330-2-0437.JPG,tomato
20180411-4-0559.JPG,dragonfruit
20180413-1-0071.JPG,tomato
20180416-2-0116.JPG,tomato
20180416-2-0370.JPG,peanut
20180416-3-0427.JPG,tomato
20180417-2-0078.JPG,bareland
20180417-2-0138.JPG,tomato
20180419-1-0101.JPG,tomato
20180419-4-0178.JPG,tomato
20180419-4-0179.JPG,tomato
20180419-4-0180.JPG,tomato
20180419-4-0426.JPG,tomato
20180420-4-0010.JPG,tomato
20180420-4-0012.JPG,tomato
20180420-4-0091.JPG,tomato
20180420-4-0092.JPG,tomato
20180515-1-0396.JPG,corn
20180515-2-0275.JPG,tomato
20180515-2-0276.JPG,tomato
20180515-2-0419.JPG,tomato
20180515-2-0435.JPG,tomato
20180516-4-1140.JPG,tomato
20180516-4-1222.JPG,tomato
20180530-1-0353.JPG,dragonfruit
20180530-1-0354.JPG,dragonfruit
20180530-2-0032.JPG,tomato
20180530-2-0040.JPG,tomato
20180530-2-0048.JPG,tomato
20180530-2-0176.JPG,tomato
20180531-2-0149.JPG,tomato
20180531-2-0508.JPG,tomato
20180606-1-0265.JPG,tomato
20180607-1-0041.JPG,tomato
20180617-4-0061.JPG,tomato
20180617-4-0071.JPG,tomato
20180626-3-0639.JPG,tomato
20180708-3-0123.JPG,tomato
20180709-3-0050.JPG,tomato
20180709-3-0051.JPG,tomato
20180709-3-0057.JPG,tomato
20180709-3-0072.JPG,tomato
20180710-2-0089.JPG,tomato
20181001-4-0132.JPG,tomato
20181003-2-0097.JPG,bareland
20181005-4-0610.JPG,tomato
20181005-4-0648.JPG,soybean
20181005-4-1046.JPG,tomato
20181009-1-0087.JPG,tomato
20181009-1-0215.JPG,tomato
20181009-1-0267.JPG,tomato
20181009-1-0268.JPG,tomato
20181009-2-0164.JPG,tomato
20181010-1-0052.JPG,tomato
20181010-1-0391.JPG,tomato
20181010-1-0505.JPG,tomato
20181010-2-0194.JPG,tomato
20181010-2-0229.JPG,tomato
20181010-2-0294.JPG,tomato
20181010-2-0398.JPG,tomato
20181011-1-0070.JPG,tomato
20181011-1-0354.JPG,tomato
20181011-1-0355.JPG,tomato
20181101-4-0410.JPG,tomato
20181103-4-0206.JPG,tomato
20181103-4-0265.JPG,tomato
20181103-4-0329.JPG,tomato
20181103-4-0546.JPG,tomato
20181103-4-0564.JPG,tomato
20181103-4-0578.JPG,tomato
20181103-4-0649.JPG,tomato
20181103-4-0805.JPG,tomato
20181103-4-0814.JPG,tomato
20181103-4-0822.JPG,tomato
20181103-4-1092.JPG,tomato
20181103-4-1093.JPG,tomato
20181104-4-0819.JPG,tomato
